est_rssi,est_num_bs,obs_rssi,obs_num_bs,innov_rssi,innov_num_bs,nis,is_anomaly,quality_label
-82.30000305175781,10.0,-82.3,10.0,0.0,0.0,0.0,0,1
-81.59707864590129,10.0,-81.0,10.0,1.3000030517578125,0.0,0.9702550772638767,0,1
-80.7593990271448,10.0,-79.7,10.0,1.8970816976591038,0.0,2.5122153679351755,0,1
-79.83568779877386,10.0,-78.5,10.0,2.259399027144795,0.0,3.7723146413985402,0,1
-79.14633161499617,10.0,-78.1,10.0,1.7356893246527676,0.0,2.2701365783090894,0,1
-78.81381206773132,10.0,-78.3,10.0,0.8463285632383588,0.0,0.543564057834723,0,1
-78.45622069777035,10.0,-77.9,10.0,0.9138105418524134,0.0,0.6353486785685301,0,1
-78.12166565548863,10.0,-77.6,10.0,0.8562222236492545,0.0,0.5583287925441874,0,1
-78.07415319208411,10.0,-78.0,10.0,0.12166565548862707,0.0,0.011277370901860099,0,1
-77.9280691505791,10.0,-77.7,10.0,0.3741562438419237,0.0,0.10666829818892372,0,1
-77.8390284081056,10.0,-77.7,10.0,0.22807220233691794,0.0,0.03963651405645992,0,1
-78.17514604439066,10.0,-78.7,10.0,-0.8609685401365823,0.0,0.5648501455980258,0,1
-78.45812284891345,10.0,-78.9,10.0,-0.7248554814882482,0.0,0.40037272643898303,0,1
-78.43543291713884,10.0,-78.4,10.0,0.058121323034541206,0.0,0.0025741491712276744,0,1
-78.14832714188131,10.0,-77.7,10.0,0.7354359688966525,0.0,0.41214768793076473,0,1
-78.0513837196223,10.0,-77.9,10.0,0.2483256160024041,0.0,0.04699009564140095,0,1
-78.38267413985946,10.0,-78.9,10.0,-0.8486178062566125,0.0,0.5487665393003693,0,1
-77.88193266915044,10.0,-77.1,10.0,1.2826756657383669,0.0,1.2537099552160904,0,1
-77.45956010284435,10.0,-76.8,10.0,1.0819296173926318,0.0,0.8919928849133414,0,1
-77.1630356058793,10.0,-76.7,10.0,0.7595631546021622,0.0,0.4396338793719915,0,1
-77.13842665322102,10.0,-77.1,10.0,0.06303713175820747,0.0,0.0030280027364376536,0,1
-77.86516292781566,10.0,-79.0,10.0,-1.8615733467789823,0.0,2.6407280581438326,0,1
-78.38626638278743,10.0,-79.2,10.0,-1.334834020426527,0.0,1.3577440527874147,0,1
-78.15739609435663,10.0,-77.8,10.0,0.5862633310296133,0.0,0.26190804455098265,0,1
-77.97883286355102,10.0,-77.7,10.0,0.4573991461144402,0.0,0.15942413696036908,0,1
-78.49460211945774,10.0,-79.3,10.0,-1.3211701882067928,0.0,1.3300896266360216,0,1
-78.45767116370841,10.0,-78.4,10.0,0.0946005935788321,0.0,0.006819477462684598,0,1
-79.68439867629638,10.0,-81.6,10.0,-3.142327310412682,0.0,7.524301950656992,1,1
-79.18298518054645,10.0,-78.4,10.0,1.284397150417476,0.0,1.2570774685980708,0,1
-79.34578225093654,10.0,-79.6,10.0,-0.4170132935746409,0.0,0.13251443063786994,0,1
-78.97656061305797,10.0,-78.4,10.0,0.9457807250576309,0.0,0.6816230893884703,0,1
-78.63436109464331,10.0,-78.1,10.0,0.8765621389368761,0.0,0.585502552016079,0,1
-79.47980216706057,10.0,-80.8,10.0,-2.1656419571145022,0.0,3.5738530346500514,0,1
-79.68288126437147,10.0,-80.0,10.0,-0.5201978329394308,0.0,0.20620559882306244,0,1
-80.07995122864655,10.0,-80.7,10.0,-1.0171156838707134,0.0,0.7883227826470351,0,1
-80.43912741535362,10.0,-81.0,10.0,-0.92004877135345,0.0,0.645037665487167,0,1
-80.619047231264,10.0,-80.9,10.0,-0.4608741105252818,0.0,0.16185570078612582,0,1
-79.51852563927895,10.0,-77.8,10.0,2.819044179506193,0.0,6.0557388721267,1,1
-79.12090524504546,10.0,-78.5,10.0,1.0185256392789483,0.0,0.7905098895519739,0,1
-79.26889936527554,10.0,-79.5,10.0,-0.3790947549545365,0.0,0.10951129811338081,0,1
-78.7735360220212,10.0,-78.0,10.0,1.2688993652755443,0.0,1.226924209200592,0,1
-78.47155668427216,10.0,-78.0,10.0,0.7735360220212044,0.0,0.45595760213674763,0,1
-78.24842829295606,10.0,-77.9,10.0,0.5715551583932523,0.0,0.2489313950565419,0,1
-78.15144481804435,10.0,-78.0,10.0,0.2484282929560635,0.0,0.047028972029750704,0,1
-78.05328432300864,10.0,-77.9,10.0,0.2514432921654475,0.0,0.04817741392828487,0,1
-77.56401809941805,10.0,-76.8,10.0,1.2532812712508274,0.0,1.1969071877329813,0,1
-77.30479386237762,10.0,-76.9,10.0,0.6640165735391435,0.0,0.33598602534597233,0,1
-77.30292358642787,10.0,-77.3,10.0,0.004790810619809349,0.0,1.748966064105559e-05,0,1
-77.69217164734785,10.0,-78.3,10.0,-0.9970794653299464,0.0,0.7575702646498051,0,1
-77.77330598019932,10.0,-77.9,10.0,-0.20782987853105794,0.0,0.03291389983626786,0,1
-77.47141644806379,10.0,-77.0,10.0,0.773305980199325,0.0,0.4556864480650652,0,1
-77.17026337561329,10.0,-76.7,10.0,0.7714194998216044,0.0,0.45346586523188603,0,1
-77.02571811306628,10.0,-76.8,10.0,0.3702603238554758,0.0,0.10446666462391545,0,1
-76.89856041278567,10.0,-76.7,10.0,0.3257211648240883,0.0,0.08084540370326204,0,1
-76.82104357864094,10.0,-76.7,10.0,0.19856346454348284,0.0,0.03004429787911217,0,1
-77.51552658386521,10.0,-78.6,10.0,-1.7789548954801546,0.0,2.4115332227266566,0,1
-77.62658284101911,10.0,-77.8,10.0,-0.2844764678926026,0.0,0.06166746126516985,0,1
-77.85043694402873,10.0,-78.2,10.0,-0.5734141072230727,0.0,0.25055329717119296,0,1
-78.0259422490457,10.0,-78.3,10.0,-0.44956610772908334,0.0,0.15401056044549297,0,1
-78.17197057801972,10.0,-78.4,10.0,-0.37405927683320783,0.0,0.10662136431474224,0,1
-77.87060296682677,10.0,-77.4,10.0,0.7719690521408182,0.0,0.4541121853807716,0,1
-77.84304159283677,10.0,-77.8,10.0,0.07059991506895358,0.0,0.0037981466810824835,0,1
-77.39681044785358,10.0,-76.7,10.0,1.1430446445945819,0.0,0.9956111737650203,0,1
-77.08574445313815,10.0,-76.6,10.0,0.7968119737324884,0.0,0.4838102653415019,0,1
-76.7790002792717,10.0,-76.3,10.0,0.785741401380335,0.0,0.47045994100506544,0,1
-76.5139259845879,10.0,-76.1,10.0,0.6790018051506053,0.0,0.3513219085105708,0,1
-76.4694512198517,10.0,-76.4,10.0,0.11392445870899337,0.0,0.009890023491696362,0,1
-77.18407706037804,10.0,-78.3,10.0,-1.8305518319061065,0.0,2.5534504597398495,0,1
-77.07317732289123,10.0,-76.9,10.0,0.2840755344991379,0.0,0.06149375887323369,0,1
-77.16172741162349,10.0,-77.3,10.0,-0.22682572886658647,0.0,0.039205591072453645,0,1
-76.98147328566034,10.0,-76.7,10.0,0.46173046338130064,0.0,0.1624577496336933,0,1
-76.40312359157933,10.0,-75.5,10.0,1.4814732856603428,0.0,1.6724418432180006,0,1
-76.16767244772406,10.0,-75.8,10.0,0.6031205398215178,0.0,0.2771862057137701,0,1
-75.94605922516455,10.0,-75.6,10.0,0.5676739736029646,0.0,0.24556210206607396,0,1
-75.7719229657308,10.0,-75.5,10.0,0.44605922516454655,0.0,0.15161718424790233,0,1
-75.70480567236483,10.0,-75.6,10.0,0.17192449160970114,0.0,0.022523655343864534,0,1
-75.2344637507225,10.0,-74.5,10.0,1.2048056723648273,0.0,1.1061076162710102,0,1
-75.338125969963,10.0,-75.5,10.0,-0.26553624927750263,0.0,0.0537292784893251,0,1
-76.02594021113265,10.0,-77.1,10.0,-1.7618725041580916,0.0,2.365442151778917,0,1
-75.5473488062455,10.0,-74.8,10.0,1.225937159374837,0.0,1.1452486641593322,0,1
-75.48982616621645,10.0,-75.4,10.0,0.1473472803665885,0.0,0.01654427057955511,0,1
-75.06437148306958,10.0,-74.4,10.0,1.0898246403375396,0.0,0.9050584370579929,0,1
-75.11731806472677,10.0,-75.2,10.0,-0.13562546517260898,0.0,0.01401670254591189,0,1
-75.30575080247112,10.0,-75.6,10.0,-0.48268040939431955,0.0,0.17753448326916313,0,1
-75.45965984693808,10.0,-75.7,10.0,-0.39424614577106354,0.0,0.11843996984366503,0,1
-75.20213761593753,10.0,-74.8,10.0,0.6596567951802683,0.0,0.3315884972975073,0,1
-76.17727243252781,10.0,-77.7,10.0,-2.4978593323046567,0.0,4.754439552632803,0,1
-77.35730842499281,10.0,-79.2,10.0,-3.0227245157143727,0.0,6.962424717564252,1,1
-77.33493708330177,10.0,-77.3,10.0,0.05730537323499618,0.0,0.0025023846452867774,0,1
-77.282258046436,10.0,-77.2,10.0,0.1349401350595798,0.0,0.01387540462552713,0,1
-76.50840908077498,10.0,-75.3,10.0,1.9822549946781862,0.0,2.994211108273142,0,1
-76.27089394860445,10.0,-75.9,10.0,0.6084075548960755,0.0,0.2820671900499154,0,1
-76.78976067618882,10.0,-77.6,10.0,-1.329104525516641,0.0,1.3461134049705334,0,1
-77.1451061789252,10.0,-77.7,10.0,-0.9102362720533677,0.0,0.6313521315748887,0,1
-77.32269076469726,10.0,-77.6,10.0,-0.45489229519589003,0.0,0.15768142551915593,0,1
-78.05556895255175,10.0,-79.2,10.0,-1.8773061835449312,0.0,2.6855521911644744,0,1
-78.34618724294326,10.0,-78.8,10.0,-0.7444340992060603,0.0,0.4222949535504138,0,1
-78.36719570416513,10.0,-78.4,10.0,-0.053814282935647384,0.0,0.002206777214552524,0,1
-78.41904093459364,10.0,-78.5,10.0,-0.1328042958348732,0.0,0.013439639590926786,0,1
-77.94314054313745,10.0,-77.2,10.0,1.2190439863514513,0.0,1.1324059129408195,0,1
-75.34973803425252,10.0,-71.3,10.0,6.643137491379633,0.0,33.62868286545287,1,1
-73.96396337259239,10.0,-71.8,10.0,3.549734982494712,0.0,9.601857064496246,1,1
-72.5726347109727,10.0,-70.4,10.0,3.5639618467134824,0.0,9.678977223222299,1,1
-71.64638491793063,10.0,-70.2,10.0,2.3726377627305055,0.0,4.289693395552367,0,1
-71.04269389267557,10.0,-70.1,10.0,1.5463864438095385,0.0,1.8222142698675108,0,1
-70.36236794655274,10.0,-69.3,10.0,1.74269084091776,0.0,2.3142169648396083,0,1
-70.10378612266904,10.0,-69.7,10.0,0.6623709983105499,0.0,0.334322798215125,0,1
-69.67288104152074,10.0,-69.0,10.0,1.1037861226690353,0.0,0.9283959447970985,0,1
-69.72250797468465,10.0,-69.8,10.0,-0.12712201023707337,0.0,0.012314162476272828,0,1
-69.55756703697915,10.0,-69.3,10.0,0.4225049229268336,0.0,0.13602756465583787,0,1
-69.41797589251827,10.0,-69.2,10.0,0.3575700887369635,0.0,0.0974284380594873,0,1
-69.37192068718714,10.0,-69.3,10.0,0.11797284076045855,0.0,0.01060540969046529,0,1
-69.49999778925373,10.0,-69.7,10.0,-0.3280762610550454,0.0,0.08201872036886262,0,1
-69.7732692031743,10.0,-70.2,10.0,-0.6999991589884615,0.0,0.37338632833071544,0,1
-69.86178223155768,10.0,-70.0,10.0,-0.22673079682570574,0.0,0.039172780967995834,0,1
-69.95477904246559,10.0,-70.1,10.0,-0.23821624256341067,0.0,0.043242034195208896,0,1
-70.05050922009472,10.0,-70.2,10.0,-0.24521790577659885,0.0,0.04582133454452837,0,1
-70.265023342653,10.0,-70.6,10.0,-0.5494892540263692,0.0,0.23008154388473454,0,1
-70.16156135610805,10.0,-70.0,10.0,0.2650233426529951,0.0,0.05352191329913266,0,1
-70.05945148395502,10.0,-69.9,10.0,0.261559830229146,0.0,0.05213212995554142,0,1
-70.03624232595611,10.0,-70.0,10.0,0.05945148395501576,0.0,0.0026933250750903258,0,1
-70.13921140177715,10.0,-70.3,10.0,-0.26376072580170273,0.0,0.0530131528771922,0,1
-70.3581354636434,10.0,-70.7,10.0,-0.5607855464650413,0.0,0.23963872432010044,0,1
-70.53063535742068,10.0,-70.8,10.0,-0.4418675881144054,0.0,0.14878106676585726,0,1
-70.40155802295185,10.0,-70.2,10.0,0.33063840917849063,0.0,0.08330479136788749,0,1
-70.20575628325514,10.0,-69.9,10.0,0.50155649707294,0.0,0.19169160634126806,0,1
-70.24254910986852,10.0,-70.3,10.0,-0.09424676850267133,0.0,0.006768560451008374,0,1
-70.69440487884687,10.0,-71.4,10.0,-1.1574524160103863,0.0,1.0208681797950745,0,1
-70.3452409566288,10.0,-69.8,10.0,0.8944018270890552,0.0,0.6095772228935246,0,1
-70.67892761237107,10.0,-71.2,10.0,-0.8547559916133878,0.0,0.5567339211023066,0,1
-70.64811460790936,10.0,-70.6,10.0,0.0789291382499755,0.0,0.004747206219785744,0,1
-70.47317475992871,10.0,-70.2,10.0,0.44811765966717587,0.0,0.15301975205745966,0,1
-70.17133526326859,10.0,-69.7,10.0,0.7731778116865229,0.0,0.4555354087201623,0,1
-70.10444799769598,10.0,-70.0,10.0,0.17133526326858828,0.0,0.02236953147889852,0,1
-69.75136097761536,10.0,-69.2,10.0,0.9044510494537974,0.0,0.623352218747057,0,1
-69.92650316808025,10.0,-70.2,10.0,-0.4486359706268246,0.0,0.15337393440418925,0,1
-69.95519546423445,10.0,-70.0,10.0,-0.07349683191975487,0.0,0.004116239293003827,0,1
-70.01172485108236,10.0,-70.1,10.0,-0.14480300988664396,0.0,0.01597785788700807,0,1
-69.92907115826532,10.0,-69.8,10.0,0.21172179932455037,0.0,0.03415816468147597,0,1
-69.95676094134534,10.0,-70.0,10.0,-0.07092884173468406,0.0,0.0038336204350919952,0,1
-69.97364095976168,10.0,-70.0,10.0,-0.043239058654663154,0.0,0.0014246751086813751,0,1
-69.94489299348335,10.0,-69.9,10.0,0.07363943388277505,0.0,0.00413222782569836,0,1
-70.20063844497744,10.0,-70.6,10.0,-0.6551054806377437,0.0,0.32702867979957284,0,1
-70.2003880122196,10.0,-70.2,10.0,0.0006414967352554868,0.0,3.135828309879044e-07,0,1
-70.08312067155083,10.0,-69.9,10.0,0.30038648634069887,0.0,0.06875814593762666,0,1
-70.01163311730005,10.0,-69.9,10.0,0.1831191456719239,0.0,0.025552352063795122,0,1
-70.00709168553965,10.0,-70.0,10.0,0.011633117300050344,0.0,0.00010312301217217483,0,1
-69.65297319659705,10.0,-69.1,10.0,0.9070932114185553,0.0,0.6269995210549869,0,1
-69.71037191757034,10.0,-69.8,10.0,-0.14702985516076694,0.0,0.016473065846849516,0,1
-69.58920697803076,10.0,-69.4,10.0,0.31037039169143554,0.0,0.07340471286815632,0,1
-69.47630517689404,10.0,-69.3,10.0,0.2892039262729469,0.0,0.06373408349957671,0,1
-69.25132303007537,10.0,-68.9,10.0,0.576303651015138,0.0,0.253084831935692,0,1
-69.30936536090692,10.0,-69.4,10.0,-0.1486784958035372,0.0,0.01684456084179541,0,1
-69.65705742600187,10.0,-70.2,10.0,-0.8906315873352639,0.0,0.6044488606499328,0,1
-69.82997638590163,10.0,-70.1,10.0,-0.4429410481192235,0.0,0.1495048334640848,0,1
-69.89635159911144,10.0,-70.0,10.0,-0.17002361409836908,0.0,0.02202834464323724,0,1
-69.89777648746401,10.0,-69.9,10.0,-0.003649926767465672,0.0,1.01515340864563e-05,0,1
-69.97672156548305,10.0,-70.1,10.0,-0.20222198665707936,0.0,0.031161626717159985,0,1
-70.02484741634258,10.0,-70.1,10.0,-0.12327690863804719,0.0,0.011580487604768593,0,1
-69.58572085028509,10.0,-68.9,10.0,1.124845890463675,0.0,0.9641607050872649,0,1
-69.35706233996422,10.0,-69.0,10.0,0.5857208502850852,0.0,0.26142357171078257,0,1
-69.17863118999931,10.0,-68.9,10.0,0.45706081408530963,0.0,0.15918837638898722,0,1
-69.1088956806996,10.0,-69.0,10.0,0.17863118999930805,0.0,0.02431520628644413,0,1
-69.0663840915748,10.0,-69.0,10.0,0.10889568069960376,0.0,0.009036176049578909,0,1
-69.19662440230971,10.0,-69.4,10.0,-0.3336174343041023,0.0,0.08481269270162828,0,1
-69.11986455518631,10.0,-69.0,10.0,0.196624402309709,0.0,0.029460370652035082,0,1
-69.11210907149459,10.0,-69.1,10.0,0.019866081065217145,0.0,0.0003007376364626371,0,1
-69.14641946178133,10.0,-69.2,10.0,-0.08788787674760101,0.0,0.005886014408146585,0,1
-69.24541490814869,10.0,-69.4,10.0,-0.25358206409757145,0.0,0.049000492007362215,0,1
-69.2667254754484,10.0,-69.3,10.0,-0.05458814360912356,0.0,0.0022707013931773067,0,1
-69.12356077170475,10.0,-68.9,10.0,0.36672394956949006,0.0,0.10248066199003565,0,1
-69.27051820565376,10.0,-69.5,10.0,-0.3764392282952542,0.0,0.10798243696438804,0,1
-69.20394931405019,10.0,-69.1,10.0,0.1705197315326643,0.0,0.022157086646632365,0,1
-69.70991221259713,10.0,-70.5,10.0,-1.2960506859498082,0.0,1.2799922735300764,0,1
-69.70604141036134,10.0,-69.7,10.0,0.009915264354944497,0.0,7.491554974343634e-05,0,1
-70.05503170222244,10.0,-70.6,10.0,-0.8939570637597569,0.0,0.6089711190664536,0,1
-70.26778030110886,10.0,-70.6,10.0,-0.5449667718986575,0.0,0.22630983164068308,0,1
-70.39747435674222,10.0,-70.6,10.0,-0.33221817301223666,0.0,0.08410274033315472,0,1
-70.35942270912558,10.0,-70.3,10.0,0.09747130498440981,0.0,0.007239639431704009,0,1
-70.531420077452,10.0,-70.8,10.0,-0.4405803426322308,0.0,0.14791547355605295,0,1
-70.36299817290504,10.0,-70.1,10.0,0.43142160333090374,0.0,0.14182968965613837,0,1
-70.10417031608804,10.0,-69.7,10.0,0.6630012246628496,0.0,0.3349592973223891,0,1
-69.86830935196232,10.0,-69.5,10.0,0.6041703160880445,0.0,0.2781519719915744,0,1
-69.8416433781581,10.0,-69.8,10.0,0.06830630020451167,0.0,0.0035553707946393747,0,1
-69.74730805825813,10.0,-69.6,10.0,0.24164490403700256,0.0,0.04449576290315339,0,1
-69.6507619097573,10.0,-69.5,10.0,0.24730805825812752,0.0,0.0466057939517093,0,1
-69.59190623869581,10.0,-69.5,10.0,0.15076190975730697,0.0,0.017319950080490632,0,1
-69.32179480107209,10.0,-68.9,10.0,0.6919047128169069,0.0,0.3648009436757956,0,1
-69.39136400848285,10.0,-69.5,10.0,-0.17820519892791253,0.0,0.024199373098806543,0,1
-69.19954189177813,10.0,-68.9,10.0,0.49136248260394666,0.0,0.18397862228541664,0,1
-69.3558754174195,10.0,-69.6,10.0,-0.40045658234296866,0.0,0.12220085619730196,0,1
-69.60733405585147,10.0,-70.0,10.0,-0.6441245825805026,0.0,0.31615723421031217,0,1
-69.68254975897612,10.0,-69.8,10.0,-0.19266899590634523,0.0,0.02828700998267862,0,1
-69.80647858817554,10.0,-70.0,10.0,-0.3174502410238773,0.0,0.07679177353369407,0,1
-69.80395061514865,10.0,-69.8,10.0,0.00647553641772447,0.0,3.1953238123313694e-05,0,1
-69.99760363457058,10.0,-70.3,10.0,-0.4960524366091619,0.0,0.18750745965614746,0,1
-69.99853914736478,10.0,-70.0,10.0,-0.002396365429419234,0.0,4.375920940623645e-06,0,1
-70.07718589627038,10.0,-70.2,10.0,-0.2014578008774066,0.0,0.030926555567101596,0,1
-70.28128575914903,10.0,-70.6,10.0,-0.5228125778507149,0.0,0.20828377013542854,0,1
-70.24955156631866,10.0,-70.2,10.0,0.08128881090684104,0.0,0.005035294972974164,0,1
-66.95094601463656,10.0,-61.8,10.0,8.449552329258111,0.0,54.40399292793992,1,1
-65.01815509583146,10.0,-62.0,10.0,4.950946014636557,0.0,18.678403679077235,1,1
-63.410476523146926,10.0,-60.9,10.0,4.118153569952554,0.0,12.923151965344903,1,1
-62.46945492441449,10.0,-61.0,10.0,2.410476523146926,0.0,4.427608246404719,0,1
-61.89579705678568,10.0,-61.0,10.0,1.4694549244144923,0.0,1.645416745462163,0,1
-61.741282554954395,10.0,-61.5,10.0,0.3957970567856819,0.0,0.11937365638085005,0,1
-61.4909328148957,10.0,-61.1,10.0,0.6412840808333016,0.0,0.31337496173727286,0,1
-61.10408433379446,10.0,-60.5,10.0,0.9909328148957002,0.0,0.748258736651675,0,1
-61.024412813107844,10.0,-60.9,10.0,0.20408280791555455,0.0,0.03173775604258829,0,1
-61.014882338863565,10.0,-61.0,10.0,0.024412813107844045,0.0,0.00045414969660466397,0,1
-61.08715038781818,10.0,-61.2,10.0,-0.1851184240758883,0.0,0.026113354498529764,0,1
-61.01408967987437,10.0,-60.9,10.0,0.18714886193927072,0.0,0.026689335226253438,0,1
-60.89147307194642,10.0,-60.7,10.0,0.3140889169349137,0.0,0.07517416269878106,0,1
-61.011918642871315,10.0,-61.2,10.0,-0.30852769099303146,0.0,0.07253567777712012,0,1
-60.890149582178076,10.0,-60.7,10.0,0.3119178799318618,0.0,0.0741385207105716,0,1
-60.89399566477749,10.0,-60.9,10.0,-0.009851943700830645,0.0,7.396175680767509e-05,0,1
-60.70114618050045,10.0,-60.4,10.0,0.4939941388985858,0.0,0.18595461792960277,0,1
-60.73973724763199,10.0,-60.8,10.0,-0.09885305656009535,0.0,0.007446352311755838,0,1
-60.9584569190075,10.0,-61.3,10.0,-0.5602619894285539,0.0,0.23919147323304965,0,1
-60.74044252151545,10.0,-60.4,10.0,0.5584553931285967,0.0,0.2376513875691195,0,1
-60.60753837293253,10.0,-60.4,10.0,0.3404409956365413,0.0,0.08831756355275429,0,1
-60.48747872226511,10.0,-60.3,10.0,0.3075391358719841,0.0,0.07207159859191876,0,1
-60.64852275834784,10.0,-60.9,10.0,-0.4125228036137969,0.0,0.12967590778907387,0,1
-60.59054122558179,10.0,-60.5,10.0,0.14852275834783768,0.0,0.016809290709501504,0,1
-60.59423322384628,10.0,-60.6,10.0,-0.009457248539305851,0.0,6.815425592521895e-05,0,1
-60.51840746027188,10.0,-60.4,10.0,0.19423169796737483,0.0,0.028747732108202004,0,1
-60.62833756804893,10.0,-60.8,10.0,-0.281591776788666,0.0,0.060423142979363,0,1
-60.73439197242097,10.0,-60.9,10.0,-0.2716639578299791,0.0,0.05623768343354706,0,1
-61.07231453929983,10.0,-61.6,10.0,-0.8656065017001211,0.0,0.5709583060299844,0,1
-61.12216173472018,10.0,-61.2,10.0,-0.12768622363962123,0.0,0.0124237144563713,0,1
-61.113509459237804,10.0,-61.1,10.0,0.022163260599086243,0.0,0.0003743093551149323,0,1
-61.1082349300346,10.0,-61.1,10.0,0.013510985116710117,0.0,0.00013910329157727132,0,1
-61.065981290174676,10.0,-61.0,10.0,0.10823493003459816,0.0,0.008926850407060549,0,1
-61.079261197493516,10.0,-61.1,10.0,-0.03401718394641762,0.0,0.0008817796919850276,0,1
-60.85312445941926,10.0,-60.5,10.0,0.5792611974935156,0.0,0.2556891215343157,0,1
-60.79334677468283,10.0,-60.7,10.0,0.15312369647980972,0.0,0.017866857962241942,0,1
-60.75690559288224,10.0,-60.7,10.0,0.0933460117433782,0.0,0.006639798655118107,0,1
-61.164117046404655,10.0,-61.8,10.0,-1.043093644178306,0.0,0.8291058393991765,0,1
-61.880824093948306,10.0,-63.0,10.0,-1.8358829535953447,0.0,2.5683449599936674,0,1
-61.536960758574615,10.0,-61.0,10.0,0.8808240939483056,0.0,0.5912099670715991,0,1
-61.28829938820948,10.0,-60.9,10.0,0.636959232695709,0.0,0.3091623855593333,0,1
-61.058634544943985,10.0,-60.7,10.0,0.5882986252700277,0.0,0.2637297011608218,0,1
-60.95766637181472,10.0,-60.8,10.0,0.2586353078834378,0.0,0.05097285992530618,0,1
-61.1693870224581,10.0,-61.5,10.0,-0.5423336281852826,0.0,0.2241281695442948,0,1
-61.10326032711491,10.0,-61.0,10.0,0.16938702245810333,0.0,0.02186369918505595,0,1
-61.14102665203345,10.0,-61.2,10.0,-0.09674043582454317,0.0,0.007131476489264386,0,1
-60.96885534762439,10.0,-60.7,10.0,0.441025889094,0.0,0.1482147903095907,0,1
-60.824857975538656,10.0,-60.6,10.0,0.3688568735032973,0.0,0.1036762158379898,0,1
-60.77611519265522,10.0,-60.7,10.0,0.12485721259920268,0.0,0.011879294416110256,0,1
-60.78543924183582,10.0,-60.8,10.0,-0.023884044405328098,0.0,0.00043468946561103013,0,1
-60.51785125212612,10.0,-60.1,10.0,0.6854407677147236,0.0,0.358016661184373,0,1
-60.7841543739678,10.0,-61.2,10.0,-0.682149510813332,0.0,0.3545867635131274,0,1
-61.06361206168467,10.0,-61.5,10.0,-0.7158456260321984,0.0,0.39048299612029636,0,1
-60.8435845616205,10.0,-60.5,10.0,0.5636120616846725,0.0,0.242060503922444,0,1
-60.63137526347845,10.0,-60.3,10.0,0.543585324559956,0.0,0.22516393108970745,0,1
-60.580087910423885,10.0,-60.5,10.0,0.13137526347845352,0.0,0.01315196291672059,0,1
-60.70497841194129,10.0,-60.9,10.0,-0.3199136154550217,0.0,0.07798818684634834,0,1
-61.0934233996935,10.0,-61.7,10.0,-0.9950223509981626,0.0,0.754447542549069,0,1
-61.17406816966821,10.0,-61.3,10.0,-0.20657583736704765,0.0,0.032517894621372,0,1
-61.76977425296305,10.0,-62.7,10.0,-1.5259325932712429,0.0,1.774328688372427,0,1
-62.0548457702808,10.0,-62.5,10.0,-0.7302257470369469,0.0,0.4063288499292025,0,1
-62.267666954803836,10.0,-62.6,10.0,-0.5451527038402944,0.0,0.22646428290894433,0,1
-61.889900893177256,10.0,-61.3,10.0,0.9676677177432893,0.0,0.7135359865842991,0,1
-61.50345585782665,10.0,-60.9,10.0,0.9898993672983494,0.0,0.7466988267356507,0,1
-61.38499056858108,10.0,-61.2,10.0,0.30345509488719813,0.0,0.07017012378018125,0,1
-61.117578629144816,10.0,-60.7,10.0,0.6849898056416279,0.0,0.35754572676532204,0,1
-61.26687142097909,10.0,-61.5,10.0,-0.3824213708551838,0.0,0.11144168846836869,0,1
-62.09962024982747,10.0,-63.4,10.0,-2.133130104899813,0.0,3.467353059741696,0,1
-62.60727375966298,10.0,-63.4,10.0,-1.3003812760514393,0.0,1.2885604302415878,0,1
-62.21404537081029,10.0,-61.6,10.0,1.007275285541887,0.0,0.7731428289984031,0,1
-61.9352904814948,10.0,-61.5,10.0,0.7140453708102896,0.0,0.38852144158643587,0,1
-62.038630252637134,10.0,-62.2,10.0,-0.2647102814446498,0.0,0.05339554149874312,0,1
-62.023549457720875,10.0,-62.0,10.0,0.03863025263713382,0.0,0.0011371518765311676,0,1
-62.36570600580195,10.0,-62.9,10.0,-0.8764520681580308,0.0,0.5853555169737761,0,1
-62.53524896001587,10.0,-62.8,10.0,-0.4342932312586001,0.0,0.14372406661792653,0,1
-62.44341024336752,10.0,-62.3,10.0,0.23524972295532365,0.0,0.04217174937807585,0,1
-62.30934633981292,10.0,-62.1,10.0,0.3434117692464298,0.0,0.08986565118149195,0,1
-62.46185321813028,10.0,-62.7,10.0,-0.3906544231265343,0.0,0.1162917396705343,0,1
-62.47674527176235,10.0,-62.5,10.0,-0.038146781869720314,0.0,0.0011088663069017493,0,1
-62.32966776636899,10.0,-62.1,10.0,0.3767467976412533,0.0,0.1081589629636612,0,1
-62.16193113476742,10.0,-61.9,10.0,0.4296662404900857,0.0,0.1406778879052077,0,1
-62.137753354658166,10.0,-62.1,10.0,0.06193266064632752,0.0,0.002922825255056677,0,1
-62.3572481101322,10.0,-62.7,10.0,-0.5622474082812872,0.0,0.24088973840302041,0,1
-62.1397047238373,10.0,-61.8,10.0,0.55724887307165,0.0,0.2366256246032528,0,1
-61.77285538300039,10.0,-61.2,10.0,0.9397039608978446,0.0,0.672892194362366,0,1
-61.432103534060616,10.0,-60.9,10.0,0.8728538571214841,0.0,0.5805591127793679,0,1
-61.30245363643647,10.0,-61.1,10.0,0.3321050599395221,0.0,0.0840454797697648,0,1
-61.184379304756064,10.0,-61.0,10.0,0.30245363643646783,0.0,0.06970773900887313,0,1
-61.07336157462957,10.0,-60.9,10.0,0.28437777887715754,0.0,0.06162468201218886,0,1
-60.84952797972475,10.0,-60.5,10.0,0.5733615746295726,0.0,0.2505073910400916,0,1
-60.67403815511601,10.0,-60.4,10.0,0.44952645384584144,0.0,0.15398339270602834,0,1
-61.11360007877195,10.0,-61.8,10.0,-1.1259610819445385,0.0,0.9660734236405608,0,1
-61.22540782510255,10.0,-61.4,10.0,-0.2864014471069538,0.0,0.06250486069763428,0,1
-61.37164359550925,10.0,-61.6,10.0,-0.37459064901854333,0.0,0.10692450273220232,0,1
-61.07040244306078,10.0,-60.6,10.0,0.7716451213881541,0.0,0.45373115964241423,0,1
-60.84772405821213,10.0,-60.5,10.0,0.5704024430607788,0.0,0.24792831539401058,0,1
-60.71197668791652,10.0,-60.5,10.0,0.3477240582121297,0.0,0.09213674271087156,0,1
-60.82441759120114,10.0,-61.0,10.0,-0.28802331208348164,0.0,0.0632147836573053,0,1
-61.08815699388715,10.0,-61.5,10.0,-0.67558240879886,0.0,0.3477923626458567,0,1
-61.13181948192684,10.0,-61.2,10.0,-0.11184376905230664,0.0,0.009532064309081522,0,1
-64.16442611221294,10.0,-68.9,10.0,-7.768182043952066,0.0,45.98351487027605,1,1
-66.16929476604855,10.0,-69.3,10.0,-5.135576939544876,0.0,20.09749159566318,1,1
-67.66475689932815,10.0,-70.0,10.0,-3.8307052339514485,0.0,11.182034960365831,1,1
-68.84967880831108,10.0,-70.7,10.0,-3.0352400489140337,0.0,7.020199651938757,1,1
-69.22067418216974,10.0,-69.8,10.0,-0.9503242434467296,0.0,0.688187837122657,0,1
-70.30569019430601,10.0,-72.0,10.0,-2.779325817830255,0.0,5.886298732960356,0,1
-69.99115824701325,10.0,-69.5,10.0,0.8056901943060097,0.0,0.4946517293388798,0,1
-69.8384540861089,10.0,-69.6,10.0,0.3911597728921521,0.0,0.11659280378750933,0,1
-69.86248148053241,10.0,-69.9,10.0,-0.06154743977000976,0.0,0.0028865784139146455,0,1
-69.56481710968728,10.0,-69.1,10.0,0.7624830064113155,0.0,0.44302038835313773,0,1
-69.3443191730986,10.0,-69.0,10.0,0.5648171096872829,0.0,0.24309670019933338,0,1
-69.20990102978456,10.0,-69.0,10.0,0.3443191730985973,0.0,0.09034118625995725,0,1
-69.28411402088268,10.0,-69.4,10.0,-0.19010049609434532,0.0,0.027537840238648005,0,1
-69.79781978820415,10.0,-70.6,10.0,-1.3158844532384109,0.0,1.319468076896663,0,1
-69.95482500708037,10.0,-70.2,10.0,-0.40217716003803616,0.0,0.12325319377184187,0,1
-70.36284899459815,10.0,-71.0,10.0,-1.0451749929196268,0.0,0.8324178719495193,0,1
-70.65062345540056,10.0,-71.1,10.0,-0.737149479522941,0.0,0.4140707014505701,0,1
-70.59182183528662,10.0,-70.5,10.0,0.150623455400563,0.0,0.01728815264011682,0,1
-70.82924622486564,10.0,-71.2,10.0,-0.6081751129555641,0.0,0.2818517038348568,0,1
-71.01302413666124,10.0,-71.3,10.0,-0.47075682689217047,0.0,0.16887160431976972,0,1
-71.55448374752001,10.0,-72.4,10.0,-1.3869773892176624,0.0,1.4658925509566647,0,1
-72.04071979075506,10.0,-72.8,10.0,-1.2455193042378028,0.0,1.1821274487044333,0,1
-71.94674681553722,10.0,-71.8,10.0,0.24071673899725,0.0,0.044154600356455576,0,1
-71.96753623053445,10.0,-72.0,10.0,-0.053253184462775494,0.0,0.0021609988796328972,0,1
-71.62885972459817,10.0,-71.1,10.0,0.8675377564133555,0.0,0.57350887836605,0,1
-71.89086616217918,10.0,-72.3,10.0,-0.6711433271596405,0.0,0.34323686666944114,0,1
-71.4650060725622,10.0,-70.8,10.0,1.0908631104213669,0.0,0.9067840796428632,0,1
-71.47866728901764,10.0,-71.5,10.0,-0.034993927437795946,0.0,0.0009331441752105011,0,1
-71.87738353092968,10.0,-72.5,10.0,-1.0213327109823638,0.0,0.7948732078223202,0,1
-72.19852210484433,10.0,-72.7,10.0,-0.8226134173125104,0.0,0.5156499182797034,0,1
-71.96486554007222,10.0,-71.6,10.0,0.5985236307232356,0.0,0.27297695130550576,0,1
-71.70531106788262,10.0,-71.3,10.0,0.6648624883144123,0.0,0.3368426201681407,0,1
-71.00053951955599,10.0,-69.9,10.0,1.8053095420037124,0.0,2.4835146766535736,0,1
-70.60994069428372,10.0,-70.0,10.0,1.0005395195559856,0.0,0.7628372115203524,0,1
-70.41086526721749,10.0,-70.1,10.0,0.5099422201626282,0.0,0.19815512830801524,0,1
-70.28950653842536,10.0,-70.1,10.0,0.31086679309639464,0.0,0.07363970527021357,0,1
-70.05936894874328,10.0,-69.7,10.0,0.5895095901831695,0.0,0.2648165509233808,0,1
-69.68484203295027,10.0,-69.1,10.0,0.9593704746221903,0.0,0.7013520532671068,0,1
-69.33941133295927,10.0,-68.8,10.0,0.8848389811924591,0.0,0.5966118424813475,0,1
-69.71441500807195,10.0,-70.3,10.0,-0.9605917187985398,0.0,0.7031387817400905,0,1
-69.98205989689826,10.0,-70.4,10.0,-0.6855865178069536,0.0,0.35816893257425225,0,1
-70.0671399507836,10.0,-70.2,10.0,-0.21793705134392383,0.0,0.03619307784566322,0,1
-70.19708518300011,10.0,-70.4,10.0,-0.33286157509530767,0.0,0.08442881687901853,0,1
-70.08110722789583,10.0,-69.9,10.0,0.2970836571212061,0.0,0.06725443035086164,0,1
-70.28367624916706,10.0,-70.6,10.0,-0.518891246225266,0.0,0.205171041893932,0,1
-70.56332059116579,10.0,-71.0,10.0,-0.7163237508329416,0.0,0.39100479005953553,0,1
-70.61667742862507,10.0,-70.7,10.0,-0.13667635707639647,0.0,0.014234760518278924,0,1
-70.96151614011208,10.0,-71.5,10.0,-0.8833225713749329,0.0,0.5945686847001197,0,1
-71.13269566199202,10.0,-71.4,10.0,-0.4384853857668247,0.0,0.14651214355522008,0,1
-71.04185461629913,10.0,-70.9,10.0,0.23269413611311052,0.0,0.04126047791288604,0,1
-71.2207091694475,10.0,-71.5,10.0,-0.45814538370086666,0.0,0.15994475590951068,0,1
-71.01742926102573,10.0,-70.7,10.0,0.520712221205315,0.0,0.20661360583982283,0,1
-70.97158685849566,10.0,-70.9,10.0,0.11742773514681915,0.0,0.010507629348645504,0,1
-71.56826131855817,10.0,-72.5,10.0,-1.5284131415043447,0.0,1.780102056454514,0,1
-70.83891294792382,10.0,-69.7,10.0,1.868264370315984,0.0,2.6597452287349843,0,1
-70.82372298347279,10.0,-70.8,10.0,0.03890989616600393,0.0,0.001153675100117888,0,1
-71.63427763299,10.0,-72.9,10.0,-2.076278542406115,0.0,3.284994199269931,0,1
-71.7380131060828,10.0,-71.9,10.0,-0.2657238928889001,0.0,0.05380524188892849,0,1
-70.74720153852523,10.0,-69.2,10.0,2.538016157840616,0.0,4.90853781202943,0,1
-70.49454109710554,10.0,-70.1,10.0,0.6472030644041382,0.0,0.31918649329197346,0,1
-70.65282806536398,10.0,-70.9,10.0,-0.40546042877336674,0.0,0.1252738216022282,0,1
-70.35893346529146,10.0,-69.9,10.0,0.7528265394850706,0.0,0.43187017975891023,0,1
-70.45304240094339,10.0,-70.6,10.0,-0.24106500882963644,0.0,0.04428245884769181,0,1
-70.54945054293599,10.0,-70.7,10.0,-0.24695454729879884,0.0,0.04647264921231954,0,1
-70.84245738826385,10.0,-71.3,10.0,-0.7505525088218263,0.0,0.4292650570449277,0,1
-70.5916484114553,10.0,-70.2,10.0,0.6424604400216651,0.0,0.3145257142387776,0,1
-70.98529638061822,10.0,-71.6,10.0,-1.008350062665798,0.0,0.7747936181305122,0,1
-70.79584239856814,10.0,-70.5,10.0,0.4852963806182231,0.0,0.1794640565731654,0,1
-70.40707846528879,10.0,-69.8,10.0,0.9958393468103282,0.0,0.7556869790941313,0,1
-70.67758626249969,10.0,-71.1,10.0,-0.6929200088323029,0.0,0.3658723417594684,0,1
-70.95960865913615,10.0,-71.4,10.0,-0.7224152633792187,0.0,0.39768316102287143,0,1
-70.4678711065878,10.0,-69.7,10.0,1.2596117108939637,0.0,1.2090291029312212,0,1
-70.20714329668657,10.0,-69.8,10.0,0.6678680548299809,0.0,0.3398949542794588,0,1
-70.0091593449568,10.0,-69.7,10.0,0.5071463484443797,0.0,0.19598822571266372,0,1
-70.0836600940068,10.0,-70.2,10.0,-0.190837603285388,0.0,0.027751808045054137,0,1
-70.28523250646396,10.0,-70.6,10.0,-0.5163383801142913,0.0,0.2031571873189904,0,1
-70.01772522380462,10.0,-69.6,10.0,0.6852340323428621,0.0,0.3578007313789022,0,1
-70.63542603497058,10.0,-71.6,10.0,-1.5822732503164758,0.0,1.9077714605754605,0,1
-70.23120732994451,10.0,-69.6,10.0,1.0354275608494845,0.0,0.8169638074647839,0,1
-69.82863496190828,10.0,-69.2,10.0,1.0312103817023228,0.0,0.8103225575314988,0,1
-69.70033974961947,10.0,-69.5,10.0,0.32863496190827846,0.0,0.08229830748113968,0,1
-69.62212947473554,10.0,-69.5,10.0,0.20033974961947365,0.0,0.030584235487096694,0,1
-69.49637511926531,10.0,-69.3,10.0,0.32212642297773186,0.0,0.07907078959866615,0,1
-69.57586667921234,10.0,-69.7,10.0,-0.2036218289768783,0.0,0.0315945405140619,0,1
-69.42913157030081,10.0,-69.2,10.0,0.37586973097015175,0.0,0.10765596093639974,0,1
-69.45679776923484,10.0,-69.5,10.0,-0.07086842969918905,0.0,0.0038270928172861643,0,1
-69.74693396134887,10.0,-70.2,10.0,-0.7431991790073482,0.0,0.42089504987215964,0,1
-70.0409220590705,10.0,-70.5,10.0,-0.7530660386511272,0.0,0.43214500800987726,0,1
-69.79071424372243,10.0,-69.4,10.0,0.6409205331915899,0.0,0.3130197543062585,0,1
-69.52106695550434,10.0,-69.1,10.0,0.69071576960134,0.0,0.3635483002168676,0,1
-69.43476621532787,10.0,-69.3,10.0,0.22106390374652563,0.0,0.037239088775034554,0,1
-69.4992709399492,10.0,-69.6,10.0,-0.16523225879322467,0.0,0.020804297492367528,0,1
-69.73378788262866,10.0,-70.1,10.0,-0.6007275341718952,0.0,0.27499098201860306,0,1
-69.87675217743501,10.0,-70.1,10.0,-0.3662105914924325,0.0,0.10219394794738243,0,1
-70.23717842736676,10.0,-70.8,10.0,-0.9232508743228038,0.0,0.6495354081993091,0,1
-70.45689852120074,10.0,-70.8,10.0,-0.5628246243910553,0.0,0.24138459817206803,0,1
-70.47372483006454,10.0,-70.5,10.0,-0.043101478799258075,0.0,0.00141562334990004,0,1
-70.52302057107957,10.0,-70.6,10.0,-0.12627364405655328,0.0,0.01215035041110601,0,1
-70.82634536563114,10.0,-71.3,10.0,-0.7769824806782424,0.0,0.46002965494876985,0,1
-71.20644984025215,10.0,-71.8,10.0,-0.9736576861266713,0.0,0.7223970581345708,0,1
-67.49524426612676,10.0,-61.7,10.0,9.506449077312695,0.0,68.86523406709672,1,1
-65.3499657309163,10.0,-62.0,10.0,5.495244266126761,0.0,23.011099968173685,1,1
-64.00314040379982,10.0,-61.9,10.0,3.4499642050373893,0.0,9.06969230881205,1,1
-63.33825418391676,10.0,-62.3,10.0,1.7031411667392717,0.0,2.2103684269518955,0,1
-62.93293170074776,10.0,-62.3,10.0,1.0382549468562132,0.0,0.8214315768114239,0,1
-62.68584233350056,10.0,-62.3,10.0,0.6329324636872116,0.0,0.305265777033101,0,1
-62.41809757724527,10.0,-62.0,10.0,0.6858423335005597,0.0,0.3584362725110305,0,1
-62.723343356986504,10.0,-63.2,10.0,-0.7819031856941834,0.0,0.46587493024917065,0,1
-62.7923086221214,10.0,-62.9,10.0,-0.17665816889240205,0.0,0.023781038975633165,0,1
-63.06858298755312,10.0,-63.5,10.0,-0.7076913778785965,0.0,0.3816376249734972,0,1
-63.002770773636925,10.0,-62.9,10.0,0.16858146167421495,0.0,0.021656237502757417,0,1
-62.923611157812324,10.0,-62.8,10.0,0.20277153657637825,0.0,0.0313312238874937,0,1
-62.95343246065867,10.0,-63.0,10.0,-0.07638884218767572,0.0,0.004446550517266739,0,1
-62.54218545083238,10.0,-61.9,10.0,1.0534309347797617,0.0,0.8456205154553359,0,1
-62.486678523845555,10.0,-62.4,10.0,0.14218392495347132,0.0,0.015405094717602602,0,1
-62.53091729562058,10.0,-62.6,10.0,-0.11331995027553887,0.0,0.009785344640816453,0,1
-62.9873136898206,10.0,-63.7,10.0,-1.1690834673188704,0.0,1.0414883431939026,0,1
-63.148422152622814,10.0,-63.4,10.0,-0.4126878360583035,0.0,0.1297796839324527,0,1
-63.09047989514499,10.0,-63.0,10.0,0.148422152622814,0.0,0.01678652600813236,0,1
-63.09419583608851,10.0,-63.1,10.0,-0.009518578976106085,0.0,6.904108547865503e-05,0,1
-63.447811096090994,10.0,-64.0,10.0,-0.9058041639114904,0.0,0.6252187605331241,0,1
-63.78049678244714,10.0,-64.3,10.0,-0.852191955666818,0.0,0.5533988295312945,0,1
-64.52984700321821,10.0,-65.7,10.0,-1.91950016579505,0.0,2.8076287668482496,0,1
-65.025700940794,10.0,-65.8,10.0,-1.2701560485396044,0.0,1.2293556370470875,0,1
-65.13278524902773,10.0,-65.3,10.0,-0.2743021109638164,0.0,0.057335245349489805,0,1
-64.80767690337674,10.0,-64.3,10.0,0.8327821972699212,0.0,0.5284771820596209,0,1
-64.92179579613688,10.0,-65.1,10.0,-0.29232157074434895,0.0,0.06511560842399412,0,1
-64.91328757013076,10.0,-64.9,10.0,0.02179427025797054,0.0,0.0003619495488554394,0,1
-64.5177126519854,10.0,-63.9,10.0,1.0132860442518563,0.0,0.7823975793285206,0,1
-64.27656551536668,10.0,-63.9,10.0,0.6177111261064994,0.0,0.2907597074970586,0,1
-64.2857152530859,10.0,-64.3,10.0,-0.023437536391128333,0.0,0.00041858850165248925,0,1
-64.13513716417113,10.0,-63.9,10.0,0.3857137272069906,0.0,0.11336880430611211,0,1
-64.16045765873471,10.0,-64.2,10.0,-0.06485978407106074,0.0,0.003205637224722578,0,1
-64.05877865701613,10.0,-63.9,10.0,0.2604561328558077,0.0,0.0516930969524291,0,1
-63.80159983648077,10.0,-63.4,10.0,0.6587771311372279,0.0,0.3307047286598137,0,1
-63.33250883966385,10.0,-62.6,10.0,1.2016013623596749,0.0,1.1002318164734497,0,1
-63.04654543423262,10.0,-62.6,10.0,0.7325103655427583,0.0,0.40887534622912913,0,1
-62.87221876882927,10.0,-62.6,10.0,0.44654696011152595,0.0,0.15194893135325155,0,1
-62.84402511558597,10.0,-62.8,10.0,0.07221953176872375,0.0,0.003974410416016304,0,1
-62.553565891889924,10.0,-62.1,10.0,0.7440266414648775,0.0,0.42183280315055033,0,1
-62.7278485012032,10.0,-63.0,10.0,-0.44643410811007556,0.0,0.15187213954521384,0,1
-63.06832556205347,10.0,-63.6,10.0,-0.8721499729178959,0.0,0.5796231448261969,0,1
-63.11973000713364,10.0,-63.2,10.0,-0.1316752008859865,0.0,0.013212084870001068,0,1
-63.03395060014425,10.0,-62.9,10.0,0.21972848125473377,0.0,0.036790533317253155,0,1
-63.0206966863563,10.0,-63.0,10.0,0.03395060014425155,0.0,0.0008783311534921844,0,1
-63.05165516879252,10.0,-63.1,10.0,-0.07930178776479124,0.0,0.004792138173768606,0,1
-63.0314896002615,10.0,-63.0,10.0,0.05165516879252152,0.0,0.0020332507708961636,0,1
-63.019196431795855,10.0,-63.0,10.0,0.031489600261501494,0.0,0.0007556099546234383,0,1
-63.01170237127918,10.0,-63.0,10.0,0.019196431795855062,0.0,0.0002808047151381295,0,1
-62.85097802661629,10.0,-62.6,10.0,0.411703897158084,0.0,0.12916157483657867,0,1
-62.87011622240811,10.0,-62.9,10.0,-0.049023499262617065,0.0,0.0018313526908297672,0,1
-62.95985954160242,10.0,-63.1,10.0,-0.22988225171298637,0.0,0.040269316700059364,0,1
-62.97552990303196,10.0,-63.0,10.0,-0.0401404583975804,0.0,0.0012278011366627605,0,1
-62.90700480173649,10.0,-62.8,10.0,0.1755306659714151,0.0,0.023478447537770484,0,1
-63.02138696857602,10.0,-63.2,10.0,-0.292995961202962,0.0,0.06541640045452815,0,1
-62.89592158522358,10.0,-62.7,10.0,0.32138620563656417,0.0,0.07870781209886546,0,1
-62.81943640744218,10.0,-62.7,10.0,0.19592082228412977,0.0,0.029249912101262165,0,1
-62.81184836542156,10.0,-62.8,10.0,0.019437170381635838,0.0,0.0002878919085336246,0,1
-62.729144667008185,10.0,-62.6,10.0,0.21184989130046716,0.0,0.034199508656250245,0,1
-62.40545696594529,10.0,-61.9,10.0,0.8291431411292791,0.0,0.5238686390969062,0,1
-62.24717134953409,10.0,-62.0,10.0,0.4054569659452909,0.0,0.12527168181336895,0,1
-61.95548446890531,10.0,-61.5,10.0,0.7471713495340921,0.0,0.42540618165474897,0,1
-61.85574664398586,10.0,-61.7,10.0,0.2554837059658581,0.0,0.04973816859831677,0,1
-61.71686735084501,10.0,-61.5,10.0,0.3557466439858601,0.0,0.09643729031651815,0,1
-61.6712431200505,10.0,-61.6,10.0,0.11686887672391322,0.0,0.010407852177953016,0,1
-62.15093590627146,10.0,-62.9,10.0,-1.2287584058284082,0.0,1.1505258457621441,0,1
-61.93585643205744,10.0,-61.6,10.0,0.5509374321503628,0.0,0.2312959011408928,0,1
-61.4143532441253,10.0,-60.6,10.0,1.3358579579363479,0.0,1.35982787511693,0,1
-61.21355640102512,10.0,-60.9,10.0,0.5143517182463953,0.0,0.20159686099498825,0,1
-60.85691446126249,10.0,-60.3,10.0,0.9135571639645761,0.0,0.6359673659882763,0,1
-60.795657204516345,10.0,-60.7,10.0,0.15691369832303792,0.0,0.01876225752031504,0,1
-60.79735228279952,10.0,-60.8,10.0,-0.004342032544201402,0.0,1.4366451930479482e-05,0,1
-60.79838562251744,10.0,-60.8,10.0,-0.002646954261024348,0.0,5.338954863152056e-06,0,1
-60.75997733396449,10.0,-60.7,10.0,0.09838485957799037,0.0,0.007375983147834564,0,1
-60.970795514403996,10.0,-61.3,10.0,-0.5400219030960542,0.0,0.222221526019119,0,1
-61.17739070266237,10.0,-61.5,10.0,-0.5292044855960043,0.0,0.21340785905756218,0,1
-61.22525562810333,10.0,-61.3,10.0,-0.1226085343981751,0.0,0.011455255437343125,0,1
-61.293474365152896,10.0,-61.4,10.0,-0.1747458977755727,0.0,0.023268980423186734,0,1
-61.374099536656054,10.0,-61.5,10.0,-0.20652563484710385,0.0,0.03250209139956667,0,1
-61.34517165384022,10.0,-61.3,10.0,0.07410029959550712,0.0,0.004184112021033495,0,1
-61.2884986505842,10.0,-61.2,10.0,0.14517089090076496,0.0,0.01605914649028049,0,1
-61.25395011923938,10.0,-61.2,10.0,0.08849788764474908,0.0,0.0059680050904215845,0,1
-61.15481098848653,10.0,-61.0,10.0,0.25395011923937716,0.0,0.04914283623215028,0,1
-61.211490767973416,10.0,-61.3,10.0,-0.1451882485740157,0.0,0.01606298701340981,0,1
-61.36315959330662,10.0,-61.6,10.0,-0.3885077061476778,0.0,0.1150171628897685,0,1
-61.49465841228411,10.0,-61.7,10.0,-0.3368411696328337,0.0,0.08645969696237599,0,1
-61.49674370511477,10.0,-61.5,10.0,-0.005341587715889773,0.0,2.174223094786802e-05,0,1
-61.81032518894332,10.0,-62.3,10.0,-0.8032555319457799,0.0,0.49166673500056474,0,1
-61.76725583450635,10.0,-61.7,10.0,0.11032442600386361,0.0,0.009274846458083815,0,1
-61.62388408484301,10.0,-61.4,10.0,0.36725430862744446,0.0,0.10277729300763291,0,1
-61.458405036437696,10.0,-61.2,10.0,0.4238833219035598,0.0,0.13691657730564072,0,1
-61.240410893288846,10.0,-60.9,10.0,0.5584035105587901,0.0,0.23760723223600874,0,1
-61.10751909199248,10.0,-60.9,10.0,0.34040936740994,0.0,0.0883011542589649,0,1
-60.9874669683766,10.0,-60.8,10.0,0.30751985493193246,0.0,0.07206256192341343,0,1
-60.875243552954636,10.0,-60.7,10.0,0.2874662054371484,0.0,0.0629704748448547,0,1
-60.76779112118856,10.0,-60.6,10.0,0.2752450788335423,0.0,0.057730125462216696,0,1
-60.81940450352026,10.0,-60.9,10.0,-0.13221040469034762,0.0,0.013319706178591992,0,1
-60.8508686302623,10.0,-60.9,10.0,-0.08059702235864563,0.0,0.004949956358195726,0,1
-60.909087757735286,10.0,-61.0,10.0,-0.14913136973770236,0.0,0.01694733401857879,0,1
-60.905540600006994,10.0,-60.9,10.0,0.009086231856379356,0.0,6.291163974685851e-05,0,1
-66.64208360651293,10.0,-75.6,10.0,-14.6944578741141,0.0,164.53962832746072,1,1
-70.33434199771793,10.0,-76.1,10.0,-9.457914867608167,0.0,68.16386013711858,1,1
-72.19479806661992,10.0,-75.1,10.0,-4.765656476403166,0.0,17.30648392157133,1,1
-73.28991580901153,10.0,-75.0,10.0,-2.8052019333800757,0.0,5.996414348504446,1,1
-73.99655072829111,10.0,-75.1,10.0,-1.8100826651095616,0.0,2.4966645457263277,0,1
-74.31020903720791,10.0,-74.8,10.0,-0.8034523234667006,0.0,0.4919076737627465,0,1
-74.50141884248724,10.0,-74.8,10.0,-0.4897940145499007,0.0,0.1828059481747996,0,1
-74.96932959559042,10.0,-75.7,10.0,-1.1985781057549474,0.0,1.0947023643479226,0,1
-74.86418530732846,10.0,-74.7,10.0,0.2693326473482358,0.0,0.05527660677058289,0,1
-75.07336163813497,10.0,-75.4,10.0,-0.5358162185504511,0.0,0.21877368684837667,0,1
-75.6303044248428,10.0,-76.5,10.0,-1.426638361865031,0.0,1.5509263383294183,0,1
-75.73559099152513,10.0,-75.9,10.0,-0.2696971010361011,0.0,0.05542630561876123,0,1
-75.56554259838282,10.0,-75.3,10.0,0.43558793976731636,0.0,0.144582280051415,0,1
-75.18860556259983,10.0,-74.6,10.0,0.9655441242617258,0.0,0.7104076447243134,0,1
-75.73959670534094,10.0,-76.6,10.0,-1.4113929115212613,0.0,1.5179561968958128,0,1
-76.38779915981904,10.0,-77.4,10.0,-1.6604048205379627,0.0,2.1008321099571607,0,1
-76.23640694261395,10.0,-76.0,10.0,0.3877991598190391,0.0,0.11459801715135122,0,1
-76.02699880873145,10.0,-75.7,10.0,0.5364099943717662,0.0,0.21925883268075536,0,1
-75.43087648749886,10.0,-74.5,10.0,1.5269988087314488,0.0,1.7768091093586067,0,1
-75.067473288141,10.0,-74.5,10.0,0.930876487498864,0.0,0.6603094265176563,0,1
-74.9630560631493,10.0,-74.8,10.0,0.2674702363831898,0.0,0.05451478437483982,0,1
-75.13363441724167,10.0,-75.4,10.0,-0.43694546272961077,0.0,0.14548487442430963,0,1
-75.23762099417472,10.0,-75.4,10.0,-0.26636710863724034,0.0,0.05406604091127549,0,1
-75.06678011194553,10.0,-74.8,10.0,0.43761794241690666,0.0,0.14593303520422843,0,1
-75.23590404563458,10.0,-75.5,10.0,-0.43321988805446665,0.0,0.14301452473228202,0,1
-75.26092754146208,10.0,-75.3,10.0,-0.06409900612322872,0.0,0.003130876717143188,0,1
-75.27618215971565,10.0,-75.3,10.0,-0.03907551029573142,0.0,0.0011635168903092223,0,1
-75.16836390262775,10.0,-75.0,10.0,0.2761821597156455,0.0,0.05812388280735814,0,1
-75.06359839656169,10.0,-74.9,10.0,0.2683623767488399,0.0,0.05487905630638145,0,1
-74.99973210816633,10.0,-74.9,10.0,0.16359687068278106,0.0,0.02039451396699316,0,1
-75.46830134245033,10.0,-76.2,10.0,-1.2002648400758602,0.0,1.0977856365874707,0,1
-75.75394667528637,10.0,-76.2,10.0,-0.731695605791856,0.0,0.4079662808550416,0,1
-75.42057656277595,10.0,-74.9,10.0,0.8539451494074655,0.0,0.5556781595760542,0,1
-75.6467766373271,10.0,-76.0,10.0,-0.579423437224051,0.0,0.25583236863471637,0,1
-75.8237090958451,10.0,-76.1,10.0,-0.4532218367940004,0.0,0.1565254743861437,0,1
-75.93156920979412,10.0,-76.1,10.0,-0.2762893782759903,0.0,0.0581690209054767,0,1
-75.9582837830263,10.0,-76.0,10.0,-0.0684307902058805,0.0,0.003568342114887784,0,1
-75.62321932344794,10.0,-75.1,10.0,0.8582853089052094,0.0,0.56134096036268,0,1
-75.8483865040386,10.0,-76.2,10.0,-0.5767776247942464,0.0,0.253501296075741,0,1
-76.02469227663909,10.0,-76.3,10.0,-0.4516165477192118,0.0,0.15541862726127337,0,1
-76.24928502936518,10.0,-76.6,10.0,-0.5753061974820071,0.0,0.25220952288542453,0,1
-76.3861994209023,10.0,-76.6,10.0,-0.35071344475591104,0.0,0.0937277530498946,0,1
-76.70389637537092,10.0,-77.2,10.0,-0.8137975273398865,0.0,0.5046567743931747,0,1
-76.85852996198662,10.0,-77.1,10.0,-0.3961020987501769,0.0,0.1195577305481836,0,1
-76.7966405436027,10.0,-76.7,10.0,0.15853301374443163,0.0,0.019151500539499187,0,1
-76.25140914695142,10.0,-75.4,10.0,1.3966390177237997,0.0,1.4863863794715833,0,1
-75.72383555396715,10.0,-74.9,10.0,1.3514076210725108,0.0,1.3916694800716465,0,1
-75.83164689584224,10.0,-76.0,10.0,-0.2761644460328512,0.0,0.05811642718454607,0,1
-76.092564063279,10.0,-76.5,10.0,-0.6683531041577595,0.0,0.3403888413161259,0,1
-75.97835169566422,10.0,-75.8,10.0,0.29256101152118674,0.0,0.06522232458086417,0,1
-76.53334701846445,10.0,-77.4,10.0,-1.4216498302146903,0.0,1.540099041650693,0,1
-76.63744638817488,10.0,-76.8,10.0,-0.2666560332933585,0.0,0.054183393870535904,0,1
-76.58378893965866,10.0,-76.5,10.0,0.13744638817487953,0.0,0.014395608906356343,0,1
-76.355884624456,10.0,-76.0,10.0,0.5837889396586604,0.0,0.2597018844399816,0,1
-76.49022201623862,10.0,-76.7,10.0,-0.3441123237861916,0.0,0.09023267415479594,0,1
-76.10365102254795,10.0,-75.5,10.0,0.9902220162386186,0.0,0.7471856658149274,0,1
-75.51664280592716,10.0,-74.6,10.0,1.5036525484268566,0.0,1.7228932319015482,0,1
-75.3930279984941,10.0,-75.2,10.0,0.3166458576849749,0.0,0.07640310308356163,0,1
-75.82517680915714,10.0,-76.5,10.0,-1.1069720015058948,0.0,0.93376297278739,0,1
-75.81534927123818,10.0,-75.8,10.0,0.025173757399329588,0.0,0.0004829025077442171,0,1
-76.00455238979039,10.0,-76.3,10.0,-0.48465378051963626,0.0,0.17898910034942303,0,1
-76.51028104605297,10.0,-77.3,10.0,-1.295450661967422,0.0,1.2788073688257346,0,1
-76.3891497946264,10.0,-76.2,10.0,0.31028409781077926,0.0,0.07336390036083233,0,1
-76.00299797928949,10.0,-75.4,10.0,0.9891482687474991,0.0,0.745566122439957,0,1
-76.23605992977762,10.0,-76.6,10.0,-0.5970004948316046,0.0,0.27158936382667853,0,1
-76.22198136721389,10.0,-76.2,10.0,0.03606298153543719,0.0,0.0009910296193048219,0,1
-76.1353224601229,10.0,-76.0,10.0,0.2219813672138855,0.0,0.03754883089103128,0,1
-75.92633829109661,10.0,-75.6,10.0,0.5353239860017993,0.0,0.21837191451803667,0,1
-75.7599008516791,10.0,-75.5,10.0,0.4263382910966129,0.0,0.13850710619928064,0,1
-75.85363272678248,10.0,-76.0,10.0,-0.24009914832089407,0.0,0.04392832205197267,0,1
-76.22308453751349,10.0,-76.8,10.0,-0.9463703249753337,0.0,0.6824732022621093,0,1
-76.33118906735251,10.0,-76.5,10.0,-0.2769154624865138,0.0,0.058432946858576126,0,1
-76.47516731329985,10.0,-76.7,10.0,-0.3688078808896762,0.0,0.10364867653035569,0,1
-76.0554352734041,10.0,-75.4,10.0,1.0751657874209428,0.0,0.8808749265752313,0,1
-76.81457040303026,10.0,-78.0,10.0,-1.9445647265958996,0.0,2.881430725162674,0,1
-76.45753350237449,10.0,-75.9,10.0,0.9145688771513534,0.0,0.6373767421494172,0,1
-76.2008413712075,10.0,-75.8,10.0,0.6575304506166759,0.0,0.3294542510152354,0,1
-76.51282347237535,10.0,-77.0,10.0,-0.7991586287924974,0.0,0.4866641572455113,0,1
-76.62493499236683,10.0,-76.8,10.0,-0.2871795793824674,0.0,0.06284496457400815,0,1
-76.34192951894346,10.0,-75.9,10.0,0.7249334664879257,0.0,0.40046048993792627,0,1
-76.13036781915113,10.0,-75.8,10.0,0.5419264671856467,0.0,0.22379176409508866,0,1
-76.31370608671354,10.0,-76.6,10.0,-0.46963065496996137,0.0,0.16806460176390922,0,1
-76.23027715582295,10.0,-76.1,10.0,0.21370761259244375,0.0,0.034801932547740534,0,1
-76.14037967072271,10.0,-76.0,10.0,0.2302771558229466,0.0,0.040407789136734776,0,1
-75.96845945097225,10.0,-75.7,10.0,0.44038272248052124,0.0,0.1477828097952445,0,1
-75.90269605996501,10.0,-75.8,10.0,0.16845639921443478,0.0,0.02162411798385368,0,1
-76.09683824724577,10.0,-76.4,10.0,-0.4973054659138967,0.0,0.1884559444107939,0,1
-76.48846016573955,10.0,-77.1,10.0,-1.0031602268753232,0.0,0.76683863522373,0,1
-76.45392695626664,10.0,-76.4,10.0,0.08845863986064728,0.0,0.005962712782499152,0,1
-76.23768100278956,10.0,-75.9,10.0,0.5539254303877357,0.0,0.2338115619760521,0,1
-76.34008724477634,10.0,-76.5,10.0,-0.2623189972104427,0.0,0.05243519198928457,0,1
-76.44155352259232,10.0,-76.6,10.0,-0.25991122934475186,0.0,0.05147702766914266,0,1
-77.01091441805922,10.0,-77.9,10.0,-1.4584480032865912,0.0,1.620859146434349,0,1
-77.00665355800407,10.0,-77.0,10.0,0.010914418059215336,0.0,9.077464204721668e-05,0,1
-77.12117373978087,10.0,-77.3,10.0,-0.29334949375373753,0.0,0.0655743601709552,0,1
-76.91771306426652,10.0,-76.6,10.0,0.5211752656597781,0.0,0.2069812324037862,0,1
-76.91079868861944,10.0,-76.9,10.0,0.017711538387615633,0.0,0.00023904295294523124,0,1
-76.90658360365748,10.0,-76.9,10.0,0.010797162740530553,0.0,8.883470618260321e-05,0,1
-76.74785816117416,10.0,-76.5,10.0,0.4065836036574808,0.0,0.12596883045763252,0,1
-76.57302080971418,10.0,-76.3,10.0,0.4478551094163521,0.0,0.15284049732769894,0,1
-66.8238474915934,10.0,-51.6,10.0,24.973022335593086,0.0,475.2319019337909,1,1
-60.64640410160449,10.0,-51.0,10.0,15.823847491593398,0.0,190.8040341825881,1,1
-57.34902787870192,10.0,-52.2,10.0,8.446403338665036,0.0,54.363449776816104,1,1
-54.75332612993665,10.0,-50.7,10.0,6.649027115762465,0.0,33.68833784271528,1,1
-52.93672190747168,10.0,-50.1,10.0,4.653327655815559,0.0,16.50025450538791,1,1
-51.79026031870925,10.0,-50.0,10.0,2.9367219074716786,0.0,6.571870872538356,1,1
-51.091363809624134,10.0,-50.0,10.0,1.790260318709251,0.0,2.4422816520568076,0,1
-50.704346477580145,10.0,-50.1,10.0,0.9913653355030405,0.0,0.7489120765122231,0,1
-50.42937792176583,10.0,-50.0,10.0,0.7043464775801453,0.0,0.3780385334330556,0,1
-50.183675907909965,10.0,-49.8,10.0,0.62937868470528,0.0,0.3018473980641334,0,1
-49.91677689864836,10.0,-49.5,10.0,0.683675907909965,0.0,0.3561754057241427,0,1
-49.71503388941374,10.0,-49.4,10.0,0.5167753727694517,0.0,0.20350120887519438,0,1
-49.70916513418093,10.0,-49.7,10.0,0.015033126474286007,0.0,0.00017221143991305945,0,1
-49.627509533275486,10.0,-49.5,10.0,0.2091651341809282,0.0,0.03333818579614345,0,1
-49.69484747880702,10.0,-49.8,10.0,-0.172489703785061,0.0,0.022671994542037173,0,1
-49.735897484775165,10.0,-49.8,10.0,-0.10515175825352685,0.0,0.008425514949924622,0,1
-49.72188382803687,10.0,-49.7,10.0,0.03589672183571224,0.0,0.0009819128758935453,0,1
-49.674301223725024,10.0,-49.6,10.0,0.12188535391577915,0.0,0.01132052116548861,0,1
-49.80145018378017,10.0,-50.0,10.0,-0.3256987762749759,0.0,0.0808342902155251,0,1
-49.64472936354416,10.0,-49.4,10.0,0.4014486579012626,0.0,0.12280707747724134,0,1
-49.58822872735956,10.0,-49.5,10.0,0.14472936354415822,0.0,0.015961609446324354,0,1
-49.78801759925104,10.0,-50.1,10.0,-0.5117697467615372,0.0,0.19957796665836158,0,1
-49.909811252425015,10.0,-50.1,10.0,-0.3119808748700521,0.0,0.07416846976730938,0,1
-49.788863998573866,10.0,-49.6,10.0,0.30981277830392173,0.0,0.07314119107067486,0,1
-49.79321106431891,10.0,-49.8,10.0,-0.011135238486680521,0.0,9.448490295864332e-05,0,1
-50.26432722856376,10.0,-51.0,10.0,-1.2067889356810895,0.0,1.1097522010638787,0,1
-50.00498111978133,10.0,-49.6,10.0,0.6643287544426641,0.0,0.33630202070294585,0,1
-49.963998324744864,10.0,-49.9,10.0,0.10497959390242073,0.0,0.008397947445003868,0,1
-49.82189707709398,10.0,-49.6,10.0,0.36399985062377027,0.0,0.10096382291969164,0,1
-49.696232255551216,10.0,-49.5,10.0,0.3218970770939791,0.0,0.07895823686686981,0,1
-49.65866372253136,10.0,-49.6,10.0,0.09623378143012218,0.0,0.007056973366321316,0,1
-49.479607113860865,10.0,-49.2,10.0,0.45866295959190495,0.0,0.1603063455428859,0,1
-49.48756825603883,10.0,-49.5,10.0,-0.020392886139134703,0.0,0.00031689892388878695,0,1
-49.3753052991084,10.0,-49.2,10.0,0.2875674930993739,0.0,0.06301485749381544,0,1
-49.38494641470321,10.0,-49.4,10.0,-0.024696226770508645,0.0,0.0004647555495627444,0,1
-49.46890020177429,10.0,-49.6,10.0,-0.21505205941788574,0.0,0.035241191817883544,0,1
-49.52007942075867,10.0,-49.6,10.0,-0.13109827234680438,0.0,0.01309656227925695,0,1
-49.55127887640245,10.0,-49.6,10.0,-0.07991905336242411,0.0,0.004867030162340383,0,1
-49.76549253421767,10.0,-50.1,10.0,-0.5487195977186445,0.0,0.2294374559728804,0,1
-49.81800325778684,10.0,-49.9,10.0,-0.1345089916612352,0.0,0.013786880448789101,0,1
-49.81097470048509,10.0,-49.8,10.0,0.01800402072629481,0.0,0.00024700308872016466,0,1
-49.96284588600548,10.0,-50.2,10.0,-0.3890260624543629,0.0,0.11532428495684133,0,1
-49.86023425069127,10.0,-49.7,10.0,0.2628451230660289,0.0,0.0526457385092823,0,1
-49.83671921195011,10.0,-49.8,10.0,0.0602350136307237,0.0,0.0027647852349909742,0,1
-49.86142388077925,10.0,-49.9,10.0,-0.06328231392879502,0.0,0.0030516033097874864,0,1
-49.60321209824937,10.0,-49.2,10.0,0.6614231178397958,0.0,0.33336662318628985,0,1
-49.48484137418207,10.0,-49.3,10.0,0.3032128611888254,0.0,0.07005814158109139,0,1
-49.451720898243046,10.0,-49.4,10.0,0.0848398483031616,0.0,0.005484829632135721,0,1
-49.626724366996164,10.0,-49.9,10.0,-0.4482806276358602,0.0,0.15313107037812357,0,1
-50.12379674923081,10.0,-50.9,10.0,-1.2732771588827418,0.0,1.2354047659021268,0,1
-50.622012038904536,10.0,-51.4,10.0,-1.2762047766480933,0.0,1.2410923743233624,0,1
-50.88669024298676,10.0,-51.3,10.0,-0.6779871981560106,0.0,0.35027275858095713,0,1
-51.00900297391544,10.0,-51.2,10.0,-0.31331051995269377,0.0,0.07480202073616023,0,1
-50.49798395278481,10.0,-49.7,10.0,1.30900221097599,0.0,1.3057021997865557,0,1
-50.303576892233615,10.0,-50.0,10.0,0.4979839527848071,0.0,0.18897052596077768,0,1
-50.302180217858925,10.0,-50.3,10.0,0.0035776551730677397,0.0,9.753496544592449e-06,0,1
-50.26229056404873,10.0,-50.2,10.0,0.10217945491947233,0.0,0.007955922405485533,0,1
-50.12085719739776,10.0,-49.9,10.0,0.36228903816982694,0.0,0.10001698601114525,0,1
-50.3079082994978,10.0,-50.6,10.0,-0.4791412767233325,0.0,0.17494057398418578,0,1
-50.34386040867181,10.0,-50.4,10.0,-0.09209322638110962,0.0,0.006462770770301656,0,1
-50.44385368781425,10.0,-50.6,10.0,-0.2561380654492851,0.0,0.04999327936828547,0,1
-50.23154021950867,10.0,-49.9,10.0,0.5438521619353409,0.0,0.2253850441197094,0,1
-49.98499377227963,10.0,-49.6,10.0,0.6315417453875796,0.0,0.30392575320631704,0,1
-49.87373586343813,10.0,-49.7,10.0,0.2849930093401767,0.0,0.06189161139891932,0,1
-49.8839896682043,10.0,-49.9,10.0,-0.026265662440778215,0.0,0.0005257025609137675,0,1
-50.35870516102422,10.0,-51.1,10.0,-1.2160088059167933,0.0,1.1267739956162923,0,1
-50.491942937816724,10.0,-50.7,10.0,-0.34129560191523467,0.0,0.08876152582304608,0,1
-50.57316625832855,10.0,-50.7,10.0,-0.2080578251227294,0.0,0.03298613897483038,0,1
-50.622680952687645,10.0,-50.7,10.0,-0.12683450461090473,0.0,0.012258524787372084,0,1
-50.37959365439968,10.0,-50.0,10.0,0.6226809526876451,0.0,0.2954571729447191,0,1
-50.07524889274562,10.0,-49.6,10.0,0.7795951802785837,0.0,0.4631286697313249,0,1
-49.9287564495956,10.0,-49.7,10.0,0.37524812980616673,0.0,0.10730017950030654,0,1
-49.91753086659263,10.0,-49.9,10.0,0.02875492371669708,0.0,0.0006300685687837334,0,1
-49.79356996643717,10.0,-49.6,10.0,0.3175323924715343,0.0,0.07683152383676019,0,1
-49.91319604096183,10.0,-50.1,10.0,-0.3064285076839255,0.0,0.07155198853089936,0,1
-50.25939354728078,10.0,-50.8,10.0,-0.8868031960987182,0.0,0.5992635669073093,0,1
-50.3142852434016,10.0,-50.4,10.0,-0.14060797859812624,0.0,0.015065491515100558,0,1
-50.386786093538184,10.0,-50.5,10.0,-0.18571475659840075,0.0,0.026281866352637778,0,1
-50.19675114082312,10.0,-49.9,10.0,0.4867845676592779,0.0,0.18056641626709244,0,1
-50.3151359180803,10.0,-50.5,10.0,-0.3032488591768825,0.0,0.07007477743116348,0,1
-50.19211057325646,10.0,-50.0,10.0,0.3151359180803013,0.0,0.07567617734513216,0,1
-50.15615109638182,10.0,-50.1,10.0,0.09211209913536322,0.0,0.00646541988548815,0,1
-49.93903567347126,10.0,-49.6,10.0,0.5561526222607256,0.0,0.23569553432815818,0,1
-50.04091336584725,10.0,-50.2,10.0,-0.2609650894681934,0.0,0.051895321019285644,0,1
-50.1810971474332,10.0,-50.4,10.0,-0.35908816003165356,0.0,0.09825746309867826,0,1
-50.11039895744171,10.0,-50.0,10.0,0.18109714743319927,0.0,0.024991170340365455,0,1
-50.067300506810646,10.0,-50.0,10.0,0.11039895744170991,0.0,0.009287382233992215,0,1
-49.845833081281135,10.0,-49.5,10.0,0.5673005068106463,0.0,0.24523910285334508,0,1
-49.788901864554916,10.0,-49.7,10.0,0.1458323183416823,0.0,0.016205817189640124,0,1
-49.79323414786766,10.0,-49.8,10.0,-0.011097372505631142,0.0,9.384339350918063e-05,0,1
-49.71779722039917,10.0,-49.6,10.0,0.19323567374656392,0.0,0.02845365012943041,0,1
-49.71084969334811,10.0,-49.7,10.0,0.01779645745971692,0.0,0.00024134066062628929,0,1
-49.706614398899205,10.0,-49.7,10.0,0.010848930408656088,0.0,8.968859534445989e-05,0,1
-49.70403251344025,10.0,-49.7,10.0,0.006613635959752173,0.0,3.333066261597536e-05,0,1
-49.74149679024158,10.0,-49.8,10.0,-0.09596672362030034,0.0,0.007017860181234078,0,1
-49.686257516855164,10.0,-49.6,10.0,0.14149831612048303,0.0,0.01525688662129456,0,1
-49.730660942635275,10.0,-49.8,10.0,-0.11374172020538253,0.0,0.009858321105047583,0,1
-49.64061363169096,10.0,-49.5,10.0,0.23066094263527503,0.0,0.0405425910415085,0,1
-49.62475795330449,10.0,-49.6,10.0,0.04061515756986722,0.0,0.001257012685476653,0,1
-49.41989804311276,10.0,-49.1,10.0,0.5247594791833947,0.0,0.2098379140188219,0,1
-52.73043040471862,10.0,-57.9,10.0,-8.480103482766147,0.0,54.79812258619831,1,1
-54.748569986034404,10.0,-57.9,10.0,-5.169571121160288,0.0,20.364436848367294,1,1
-55.70557964230496,10.0,-57.2,10.0,-2.451430776905049,0.0,4.579337410975418,0,1
-56.52321634465309,10.0,-57.8,10.0,-2.0944195947555855,0.0,3.3426488851336122,0,1
-56.98261909926426,10.0,-57.7,10.0,-1.1767844182863598,0.0,1.055254454721641,0,1
-57.57498670267584,10.0,-58.5,10.0,-1.5173809007357377,0.0,1.7544968878578466,0,1
-57.701868655520165,10.0,-57.9,10.0,-0.3250148232030696,0.0,0.08049514978795329,0,1
-57.857293840045,10.0,-58.1,10.0,-0.39812981860092833,0.0,0.12078493992289854,0,1
-57.83492670293272,10.0,-57.8,10.0,0.05729460298445588,0.0,0.002501444112998912,0,1
-57.97744730925449,10.0,-58.2,10.0,-0.3650740600067337,0.0,0.10156061613161572,0,1
-58.18144571527311,10.0,-58.5,10.0,-0.5225526907455134,0.0,0.20807674829068826,0,1
-58.30580555011,10.0,-58.5,10.0,-0.3185542847268934,0.0,0.07732684260330068,0,1
-58.06930650775519,10.0,-57.7,10.0,0.6058047871705483,0.0,0.2796589851737019,0,1
-57.88609418775641,10.0,-57.6,10.0,0.4693080336340998,0.0,0.16783377099667207,0,1
-57.61825140841327,10.0,-57.2,10.0,0.6860934248169599,0.0,0.3586987722312949,0,1
-57.68920361667478,10.0,-57.8,10.0,-0.1817478286472749,0.0,0.02517107928592511,0,1
-57.459184879755746,10.0,-57.1,10.0,0.5892051425536877,0.0,0.2645430966691405,0,1
-57.51415684584648,10.0,-57.6,10.0,-0.14081359436534768,0.0,0.015109585279403264,0,1
-57.586708118716466,10.0,-57.7,10.0,-0.1858439170929742,0.0,0.026318435975276,0,1
-57.6699744551658,10.0,-57.8,10.0,-0.2132911183440811,0.0,0.03466641392846947,0,1
-58.267278676309665,10.0,-59.2,10.0,-1.5300263077736531,0.0,1.7838616629813913,0,1
-58.55332443731308,10.0,-59.0,10.0,-0.7327213236903347,0.0,0.409110886940108,0,1
-58.64962336916176,10.0,-58.8,10.0,-0.24667479974746698,0.0,0.04636742137598164,0,1
-58.51313423243464,10.0,-58.3,10.0,0.3496241321012121,0.0,0.093146422222577,0,1
-58.117618579831834,10.0,-57.5,10.0,1.0131342324346377,0.0,0.7821631572691173,0,1
-57.954585510669986,10.0,-57.7,10.0,0.4176178168923812,0.0,0.13289890820165504,0,1
-57.77712068995777,10.0,-57.5,10.0,0.4545855106699861,0.0,0.15746881295209098,0,1
-57.7860522048531,10.0,-57.8,10.0,-0.022878547102777702,0.0,0.0003988597916275493,0,1
-57.63534257394337,10.0,-57.4,10.0,0.3860506789741933,0.0,0.11356696424473157,0,1
-57.69962259280295,10.0,-57.8,10.0,-0.16465666311717797,0.0,0.020659604122943858,0,1
-57.69977022596304,10.0,-57.7,10.0,-0.000378170136499989,0.0,1.0897774979517408e-07,0,1
-57.621782286396034,10.0,-57.5,10.0,0.19977022596304295,0.0,0.03041059358953906,0,1
-57.80847224466423,10.0,-58.1,10.0,-0.47821618772506014,0.0,0.17426570259090346,0,1
-57.727086543967104,10.0,-57.6,10.0,0.20847377054313654,0.0,0.03311816138980956,0,1
-57.87266696233259,10.0,-58.1,10.0,-0.3729119301539896,0.0,0.10596829105734548,0,1
-58.039492441233946,10.0,-58.3,10.0,-0.4273322747279593,0.0,0.13915370205334085,0,1
-58.10215299654356,10.0,-58.2,10.0,-0.16050832170550677,0.0,0.019631725958546405,0,1
-57.984195733288196,10.0,-57.8,10.0,0.30215375948301215,0.0,0.06956957977347752,0,1
-58.22459785880895,10.0,-58.6,10.0,-0.6158027408328977,0.0,0.2889659097744713,0,1
-58.605383645950674,10.0,-59.2,10.0,-0.9754029041305046,0.0,0.7249890784457071,0,1
-58.8375151538452,10.0,-59.2,10.0,-0.5946171169887791,0.0,0.2694251847869326,0,1
-59.25229729955027,10.0,-59.9,10.0,-1.0624863720337032,0.0,0.8602211419785081,0,1
-59.19284163474117,10.0,-59.1,10.0,0.1522988254291775,0.0,0.017674880389462213,0,1
-59.3908305755361,10.0,-59.7,10.0,-0.5071591281982819,0.0,0.19599810338548218,0,1
-59.39441080636208,10.0,-59.4,10.0,-0.00917095034280635,0.0,6.409026383666046e-05,0,1
-59.55274774506206,10.0,-59.8,10.0,-0.4055884306984652,0.0,0.1253529307844012,0,1
-59.25888360756021,10.0,-58.8,10.0,0.7527485080015097,0.0,0.4317806565485367,0,1
-58.96262439956517,10.0,-58.5,10.0,0.7588836075602075,0.0,0.4388475916092377,0,1
-58.742983066826326,10.0,-58.4,10.0,0.5626228736862657,0.0,0.24121157523647763,0,1
-58.648125343959435,10.0,-58.5,10.0,0.24298306682632642,0.0,0.04498993793745995,0,1
-58.8245312833186,10.0,-59.1,10.0,-0.4518731301616583,0.0,0.1555952772059506,0,1
-58.93207042497715,10.0,-59.1,10.0,-0.2754671908024946,0.0,0.05782333494328363,0,1
-59.30993930828172,10.0,-59.9,10.0,-0.9679311009017582,0.0,0.7139244648492215,0,1
-59.267020597102885,10.0,-59.2,10.0,0.10993854534226699,0.0,0.00921007884626001,0,1
-59.670283272302214,10.0,-60.3,10.0,-1.032978639957662,0.0,0.8131039260446086,0,1
-59.564768466957666,10.0,-59.4,10.0,0.2702817464233078,0.0,0.055666870734491204,0,1
-59.4614056830349,10.0,-59.3,10.0,0.2647692298971194,0.0,0.053419325501324805,0,1
-59.35935628597062,10.0,-59.2,10.0,0.261404920095444,0.0,0.05207039720591237,0,1
-58.98483550494493,10.0,-58.4,10.0,0.9593547600917134,0.0,0.7013290771004601,0,1
-58.79556144332084,10.0,-58.5,10.0,0.48483550494493244,0.0,0.1791233520183938,0,1
-58.48498364092586,10.0,-58.0,10.0,0.7955614433208424,0.0,0.4822928567024718,0,1
-58.25661352412725,10.0,-57.9,10.0,0.5849821150469552,0.0,0.2607645512330491,0,1
-58.58586105936313,10.0,-59.1,10.0,-0.8433849499938404,0.0,0.5420196972945069,0,1
-58.044837548353016,10.0,-57.2,10.0,1.3858602964236795,0.0,1.4635321973285818,0,1
-58.06637172305059,10.0,-58.1,10.0,-0.05516092576807807,0.0,0.0023186033995273954,0,1
-57.650072782143226,10.0,-57.0,10.0,1.0663717230505867,0.0,0.8665240410029508,0,1
-57.43533026140677,10.0,-57.1,10.0,0.5500743080221326,0.0,0.23057175106124056,0,1
-57.265382462856635,10.0,-57.0,10.0,0.43533026140676867,0.0,0.1444112711601876,0,1
-57.74736258482397,10.0,-58.5,10.0,-1.2346175371433645,0.0,1.1615241898582251,0,1
-57.33848488507588,10.0,-56.7,10.0,1.0473618218845147,0.0,0.8359048667564308,0,1
-57.12826644049699,10.0,-56.8,10.0,0.5384856480153317,0.0,0.22095897220582184,0,1
-57.156270673743236,10.0,-57.2,10.0,-0.07173432244245959,0.0,0.003921185398548954,0,1
-57.25142032317342,10.0,-57.4,10.0,-0.2437308521356698,0.0,0.045267278933437495,0,1
-57.27038495807933,10.0,-57.3,10.0,-0.04857891388712687,0.0,0.0017982868855723432,0,1
-57.43810190020594,10.0,-57.7,10.0,-0.42961580486011997,0.0,0.14064486338150736,0,1
-57.735538228250284,10.0,-58.2,10.0,-0.7618988627335099,0.0,0.44234184620250216,0,1
-57.99493686110534,10.0,-58.4,10.0,-0.6644632976286218,0.0,0.33643825363534857,0,1
-58.15306932776699,10.0,-58.4,10.0,-0.40506466477356895,0.0,0.12502938506250208,0,1
-58.21042903105277,10.0,-58.3,10.0,-0.14692990929355432,0.0,0.016450677805160168,0,1
-58.3625123459547,10.0,-58.6,10.0,-0.38956944306832497,0.0,0.11564667335779509,0,1
-57.90868153785962,10.0,-57.2,10.0,1.1625115830152453,0.0,1.0298120118811465,0,1
-57.632020923494586,10.0,-57.2,10.0,0.7086807749201682,0.0,0.3827054777041863,0,1
-57.97086971558865,10.0,-58.5,10.0,-0.8679790765054136,0.0,0.5740925195180171,0,1
-57.943203610343666,10.0,-57.9,10.0,0.07086818970974207,0.0,0.0038270668971313784,0,1
-57.92633802621488,10.0,-57.9,10.0,0.043202084464759594,0.0,0.0014222396400260446,0,1
-57.79893891483917,10.0,-57.6,10.0,0.32633955209378485,0.0,0.08115266789659756,0,1
-57.60415875052488,10.0,-57.3,10.0,0.4989396777786226,0.0,0.1896965620514991,0,1
-57.64157434154269,10.0,-57.7,10.0,-0.0958420124145718,0.0,0.0069996322560595065,0,1
-57.547267164093206,10.0,-57.4,10.0,0.24157281566378686,0.0,0.044469218592442177,0,1
-57.6068925593154,10.0,-57.7,10.0,-0.15273359884624682,0.0,0.017775938777013615,0,1
-57.33093063891238,10.0,-56.9,10.0,0.7068910334364915,0.0,0.3807749075626235,0,1
-57.318855384520916,10.0,-57.3,10.0,0.030931401851830742,0.0,0.000729058843092568,0,1
-57.233416228511544,10.0,-57.1,10.0,0.2188569103998219,0.0,0.0364992468979699,0,1
-57.181331511099785,10.0,-57.1,10.0,0.13341775439045023,0.0,0.013564088939315155,0,1
-57.2666977052636,10.0,-57.4,10.0,-0.2186700147791214,0.0,0.03643693553007625,0,1
-57.513932045874704,10.0,-57.9,10.0,-0.6333038206153034,0.0,0.3056240958870307,0,1
-57.39137697640065,10.0,-57.2,10.0,0.3139312829352505,0.0,0.07509872526895382,0,1
-57.355704184926985,10.0,-57.3,10.0,0.0913777393401034,0.0,0.006362740257617091,0,1
-57.451073793538036,10.0,-57.6,10.0,-0.24429428919410867,0.0,0.04547681123312293,0,1
-57.665368108969325,10.0,-58.0,10.0,-0.5489262064619638,0.0,0.2296102681308262,0,1
-60.13833367085619,10.0,-64.0,10.0,-6.334631891030675,0.0,30.577793351392152,1,1
-60.8260680194176,10.0,-61.9,10.0,-1.761667855022715,0.0,2.364892670955899,0,1
-62.26032772400429,10.0,-64.5,10.0,-3.6739319805824024,0.0,10.285504501005521,1,1
-62.23677679006954,10.0,-62.2,10.0,0.06032696106483826,0.0,0.0027732324459952057,0,1
-62.690886004602525,10.0,-63.4,10.0,-1.163224735809365,0.0,1.031075893618803,0,1
-62.26501638168219,10.0,-61.6,10.0,1.0908875304814316,0.0,0.9068246786315609,0,1
-62.00540123565212,10.0,-61.6,10.0,0.6650179075610936,0.0,0.3370001202410653,0,1
-62.12040882008892,10.0,-62.3,10.0,-0.2945980014084242,0.0,0.06613372238993395,0,1
-62.346674677248814,10.0,-62.7,10.0,-0.5795919428505343,0.0,0.25598119058151375,0,1
-62.52364723762115,10.0,-62.8,10.0,-0.45332455981173325,0.0,0.1565964356236974,0,1
-62.20210537029633,10.0,-61.7,10.0,0.8236464746816949,0.0,0.5169458622136589,0,1
-61.96704994096282,10.0,-61.6,10.0,0.6021068961752363,0.0,0.2762552742958003,0,1
-62.292223520024955,10.0,-62.8,10.0,-0.8329492960977234,0.0,0.5286892826003888,0,1
-62.5685311083112,10.0,-63.0,10.0,-0.7077764799750454,0.0,0.381729416722795,0,1
-62.893127350641244,10.0,-63.4,10.0,-0.8314704175677079,0.0,0.5268136026739321,0,1
-63.63754912933009,10.0,-64.8,10.0,-1.9068757011165687,0.0,2.770818922931334,0,1
-64.0132779997162,10.0,-64.6,10.0,-0.9624493447910041,0.0,0.7058609202080812,0,1
-64.12521207759578,10.0,-64.3,10.0,-0.2867250520416178,0.0,0.06264618895376682,0,1
-63.881136658002845,10.0,-63.5,10.0,0.6252120775957763,0.0,0.2978640522473347,0,1
-63.693307178275525,10.0,-63.4,10.0,0.48113513212393855,0.0,0.17639956727318065,0,1
-63.110337969962146,10.0,-62.2,10.0,1.4933064153360718,0.0,1.6992654892076369,0,1
-62.32552514635432,10.0,-61.1,10.0,2.010339495841052,0.0,3.0796558404963963,0,1
-61.925171929287814,10.0,-61.3,10.0,1.0255259092937763,0.0,0.80141349207751,0,1
-61.798228048396226,10.0,-61.6,10.0,0.3251734551667198,0.0,0.0805737444790901,0,1
-61.64276511180323,10.0,-61.4,10.0,0.3982265225173194,0.0,0.12084362327059534,0,1
-61.6260695209615,10.0,-61.6,10.0,0.042766637682134956,0.0,0.0013937137677720408,0,1
-61.459737304076675,10.0,-61.2,10.0,0.4260687580220477,0.0,0.1383320318690996,0,1
-61.47545538559426,10.0,-61.5,10.0,-0.04026269592332454,0.0,0.0012352904329670025,0,1
-61.71926963974661,10.0,-62.1,10.0,-0.6245430885268348,0.0,0.29722695263932947,0,1
-62.18021343923735,10.0,-62.9,10.0,-1.1807318861322997,0.0,1.062345931444807,0,1
-62.3831322785847,10.0,-62.7,10.0,-0.5197873237021042,0.0,0.20588027681037557,0,1
-62.272600181394345,10.0,-62.1,10.0,0.2831338044636027,0.0,0.06108672254648603,0,1
-62.517530264954324,10.0,-62.9,10.0,-0.6274013444845608,0.0,0.2999537291634864,0,1
-61.57375437294672,10.0,-60.1,10.0,2.4175317908332303,0.0,4.453564671673704,0,1
-62.05246590213405,10.0,-62.8,10.0,-1.2262448641138235,0.0,1.145823640884363,0,1
-61.64159562966835,10.0,-61.0,10.0,1.0524659021340526,0.0,0.8440719039802059,0,1
-61.547280141585745,10.0,-61.4,10.0,0.24159410378944557,0.0,0.044477056461304086,0,1
-61.802094572149045,10.0,-62.2,10.0,-0.6527206213537085,0.0,0.3246519701165011,0,1
-61.488966313329534,10.0,-61.0,10.0,0.8020945721490449,0.0,0.49024653235668725,0,1
-61.53231195907861,10.0,-61.6,10.0,-0.11103216079155942,0.0,0.009394225027021726,0,1
-61.40258158831387,10.0,-61.2,10.0,0.33231119613915894,0.0,0.08414984549378796,0,1
-61.59676846397684,10.0,-61.9,10.0,-0.49741993756503433,0.0,0.18854271339872503,0,1
-61.83226323728239,10.0,-62.2,10.0,-0.6032322989626167,0.0,0.27728894127116854,0,1
-62.52236622012908,10.0,-63.6,10.0,-1.7677352368387034,0.0,2.3812106346694963,0,1
-62.31844061003936,10.0,-62.0,10.0,0.5223662201290793,0.0,0.20792827225232274,0,1
-62.740669232627695,10.0,-63.4,10.0,-1.081560915839546,0.0,0.8913850486642108,0,1
-62.25632660013391,10.0,-61.5,10.0,1.2406692326276954,0.0,1.1729389282550613,0,1
-61.88298767919059,10.0,-61.3,10.0,0.9563273630733633,0.0,0.6969097494555958,0,1
-61.53827970566169,10.0,-61.0,10.0,0.8829876791905917,0.0,0.5941179350720124,0,1
-61.75756808638551,10.0,-62.1,10.0,-0.5617187684594072,0.0,0.24043696960238573,0,1
-61.852210645540346,10.0,-62.0,10.0,-0.2424319136144888,0.0,0.0447860700168804,0,1
-61.870867641445166,10.0,-61.9,10.0,-0.04779088033856027,0.0,0.0017404174809627715,0,1
-61.765123513910645,10.0,-61.6,10.0,0.2708691673240722,0.0,0.05590910254018695,0,1
-62.44239882809283,10.0,-63.5,10.0,-1.7348764860893553,0.0,2.293509256002874,0,1
-62.58200180921411,10.0,-62.8,10.0,-0.35760040896771983,0.0,0.09744496168974612,0,1
-61.92536874081728,10.0,-60.9,10.0,1.6820002833352063,0.0,2.1558349325612145,0,1
-62.54008620879565,10.0,-63.5,10.0,-1.5746312591827234,0.0,1.88938782718871,0,1
-63.14905755520913,10.0,-64.1,10.0,-1.559912265325444,0.0,1.8542305037632658,0,1
-62.81759520397322,10.0,-62.3,10.0,0.849058318148586,0.0,0.5493364514342047,0,1
-63.083997986150685,10.0,-63.5,10.0,-0.6824047960267805,0.0,0.3548522117594661,0,1
-63.051206163264716,10.0,-63.0,10.0,0.08399798615068477,0.0,0.005376518240924044,0,1
-62.64082767799272,10.0,-62.0,10.0,1.051206163264716,0.0,0.8420525058707012,0,1
-62.2735399491008,10.0,-61.7,10.0,0.9408269150532647,0.0,0.6745013789729224,0,1
-62.40098550610352,10.0,-62.6,10.0,-0.3264585250202927,0.0,0.08121184999866138,0,1
-61.97117345478153,10.0,-61.3,10.0,1.10098626904297,0.0,0.9236919973080732,0,1
-61.67011673325469,10.0,-61.2,10.0,0.7711726918420752,0.0,0.4531757478824387,0,1
-61.13523902573955,10.0,-60.3,10.0,1.3701174961941405,0.0,1.4304708099832473,0,1
-61.16052124396128,10.0,-61.2,10.0,-0.06476173719990186,0.0,0.0031959527910541763,0,1
-60.941699766989444,10.0,-60.6,10.0,0.5605227698401833,0.0,0.23941419392067376,0,1
-60.6911874501166,10.0,-60.3,10.0,0.6417005299288974,0.0,0.31378210452500765,0,1
-60.14808398330556,10.0,-59.3,10.0,1.3911882130560542,0.0,1.474806878310868,0,1
-60.75393398642619,10.0,-61.7,10.0,-1.551916779633892,0.0,1.8352711314063452,0,1
-60.8499952553344,10.0,-61.0,10.0,-0.24606601357380953,0.0,0.0461388369212767,0,1
-60.83047739959321,10.0,-60.8,10.0,0.04999601827385192,0.0,0.0019047334636702559,0,1
-61.40416138928849,10.0,-62.3,10.0,-1.4695218374673402,0.0,1.6455666001634788,0,1
-61.44157565232155,10.0,-61.5,10.0,-0.09583861071151034,0.0,0.006999135391535885,0,1
-61.5814999915531,10.0,-61.8,10.0,-0.3584235847389934,0.0,0.09789410354692915,0,1
-61.783915682525894,10.0,-62.1,10.0,-0.5184984825679919,0.0,0.2048605597599591,0,1
-62.4538547557681,10.0,-63.5,10.0,-1.716084317474106,0.0,2.244091809283109,0,1
-62.27667521314901,10.0,-62.0,10.0,0.45385475576809853,0.0,0.15696295161354032,0,1
-62.090586535334175,10.0,-61.8,10.0,0.47667597608846535,0.0,0.17314498005436627,0,1
-61.508678540402535,10.0,-60.6,10.0,1.4905880612130815,0.0,1.6930845728267907,0,1
-61.03682439892316,10.0,-60.3,10.0,1.208679303341988,0.0,1.1132316541561889,0,1
-60.71013832327434,10.0,-60.2,10.0,0.8368236359837056,0.0,0.533618960114123,0,1
-60.62810280082735,10.0,-60.5,10.0,0.210138323274343,0.0,0.03364913471575743,0,1
-60.617131203222286,10.0,-60.6,10.0,0.028104326706255733,0.0,0.0006018797700371198,0,1
-60.80563688949363,10.0,-61.1,10.0,-0.482867270898808,0.0,0.1776719687831429,0,1
-60.6472816287368,10.0,-60.4,10.0,0.40563536361472075,0.0,0.12538194304681013,0,1
-61.37056102473396,10.0,-62.5,10.0,-1.852718371263201,0.0,2.615665423370094,0,1
-61.421092473712406,10.0,-61.5,10.0,-0.12943897526604076,0.0,0.012767136679305768,0,1
-61.412858816483855,10.0,-61.4,10.0,0.02109094783349974,0.0,0.00033896555678638825,0,1
-60.82225717710323,10.0,-59.9,10.0,1.5128572906049484,0.0,1.7440514821954138,0,1
-61.516266407804395,10.0,-62.6,10.0,-1.7777412970178617,0.0,2.4082440614921143,0,1
-61.43183825560608,10.0,-61.3,10.0,0.21626717074384771,0.0,0.03564056441810984,0,1
-61.53652573501015,10.0,-61.7,10.0,-0.268162507333372,0.0,0.054797341719891986,0,1
-61.71746062055,10.0,-62.0,10.0,-0.46347426498984845,0.0,0.16368716402659447,0,1
-61.24217835642404,10.0,-60.5,10.0,1.2174606205499998,0.0,1.1294661529634895,0,1
-61.303790659971206,10.0,-61.4,10.0,-0.15782316945486485,0.0,0.01898037974193829,0,1
-61.302310533193534,10.0,-61.3,10.0,0.003791422910659037,0.0,1.0953876389906497e-05,0,1
-62.0084447752898,9.609611796797793,-63.11111,9.0,-1.8088001540623253,-1.0,3.2551425853015905,0,1
-63.1372744196095,9.762014745997242,-64.9,10.0,-2.8915567505891033,0.3903882032022068,6.48741512409808,1,1
-63.78638406272674,9.854921381696,-64.8,10.0,-1.6627286321483155,0.2379852540027585,2.1498748587232956,0,1
-64.37728306018732,9.911558362818758,-65.3,10.0,-1.5136189890310732,0.14507861830399982,1.7618468641531058,0,1
-64.62038440742437,9.946084934646205,-65.0,10.0,-0.6227169398126762,0.08844163718124243,0.30145174595311786,0,1
-65.08089361044952,9.967132740135202,-65.8,10.0,-1.1796186443334449,0.0539150653537952,1.0625586809338419,0,1
-65.2835460254518,9.979963730658001,-65.6,10.0,-0.519104863671572,0.03286725986479766,0.20616317812024595,0,1
-65.32900887901656,9.9877856538453,-65.4,10.0,-0.11645550042710795,0.020036269341998647,0.01064026768299066,0,1
-65.31768534623062,9.992553990493922,-65.3,10.0,0.02900582725874301,0.01221434615469974,0.0007547971457436521,0,1
-65.46693528560327,9.995460824766027,-65.7,10.0,-0.3823116020115691,0.007446009506077544,0.11141997044113179,0,1
-65.5188815846811,9.997232865229638,-65.6,10.0,-0.1330631885178235,0.0045391752339725144,0.013507790576440037,0,1
-65.78478098763513,9.998313122000658,-66.2,10.0,-0.6811153635610907,0.0027671347703623894,0.35351829723001155,0,1
-65.82976172653211,9.998971659271842,-65.9,10.0,-0.11522053824377565,0.0016868779993419736,0.01011850271527861,0,1
-65.85718251559238,9.999373111360986,-65.9,10.0,-0.07023979934679403,0.0010283407281583834,0.003760304182340845,0,1
-66.06909265368213,9.999617841290378,-66.4,10.0,-0.5428190102865216,0.0006268886390135009,0.2245298325897885,0,1
-66.08115792139179,9.999767031542365,-66.1,10.0,-0.030905820438960063,0.0003821587096215495,0.0007279647131847402,0,1
-65.93235717395311,9.999857979679945,-65.7,10.0,0.38116097314960484,0.00023296845763454144,0.11070835354936649,0,1
-66.50530821544129,9.99991342273751,-67.4,10.0,-1.4676443519257987,0.00014202032005528054,1.641364495081619,0,1
-66.54227417538804,9.999947221479452,-66.6,10.0,-0.09469025867980463,8.657726248983977e-05,0.006832416685702538,0,1
-66.48673261138136,9.999967825591257,-66.4,10.0,0.1422726495091382,5.277852054774712e-05,0.015424328784193272,0,1
-66.92133847122268,9.999980386100875,-67.6,10.0,-1.1132658627397376,3.2174408742591254e-05,0.9444112678309043,0,1
-67.1862793303394,9.999988043135712,-67.6,10.0,-0.6786600028984111,1.9613899125303647e-05,0.35096829444066785,0,1
-66.68413164943719,9.999992710954478,-65.9,10.0,1.2862778044604966,1.1956864288009683e-05,1.2607614672863,0,1
-66.76840470262675,9.999995556511863,-66.9,10.0,-0.2158698764417153,7.289045521829962e-06,0.03550973750994122,0,1
-67.01497265160438,9.999997291197213,-67.4,10.0,-0.6315968232521527,4.443488137439999e-06,0.30397876733022183,0,1
-67.12624515737829,9.999998348681865,-67.3,10.0,-0.2850304001534312,2.7088027874100362e-06,0.061907852711609104,0,1
-67.0769605372264,9.999998993336986,-67.0,10.0,0.12624515737829256,1.6513181346766714e-06,0.012144868919659072,0,1
-66.81268372514491,9.999999386326351,-66.4,10.0,0.6769590113474919,1.0066630142802069e-06,0.34921116702054866,0,1
-66.65157746287991,9.999999625897305,-66.4,10.0,0.41268219926600125,6.136736487860617e-07,0.12977613870526505,0,1
-66.55336518486517,9.999999771942583,-66.4,10.0,0.25157593700100733,3.741026954884319e-07,0.04822825776432466,0,1
-66.18118206766499,9.999999860973508,-65.6,10.0,0.9533667107440777,2.280574165069993e-07,0.6926013636442515,0,1
-65.91525662421569,9.99999991524781,-65.5,10.0,0.6811820676649916,1.390264916523165e-07,0.3535817073685506,0,1
-65.87026298915121,9.999999948334066,-65.8,10.0,0.11525357245787404,8.475218926662365e-08,0.010122135981576692,0,1
-65.76475491073928,9.999999968503838,-65.6,10.0,0.27026451503012083,5.1665933753497484e-08,0.055659773050886485,0,1
-65.70043594148191,9.999999980799569,-65.6,10.0,0.16475643661819106,3.14961621228349e-08,0.020684649031655865,0,1
-65.81738221603075,9.99999998829519,-66.0,10.0,-0.29956405851808654,1.9200431466970258e-08,0.06838215565425981,0,1
-65.69347994298617,9.99999999286461,-65.5,10.0,0.3173822160307509,1.1704809566026597e-08,0.07675886632806804,0,1
-65.61794765568814,9.999999995650182,-65.5,10.0,0.19347994298617266,7.135389168411166e-09,0.028525632122366428,0,1
-65.96229048551434,9.999999997348299,-66.5,10.0,-0.8820523443118589,4.349818283344575e-09,0.5928599222635819,0,1
-65.97701183511802,9.999999998383492,-66.0,10.0,-0.037709514485655404,2.651701080935709e-09,0.0010835906707692394,0,1
-65.94694791886612,9.999999999014557,-65.9,10.0,0.0770103092391139,1.6165078164931401e-09,0.004519195302007501,0,1
-66.0457352747663,9.999999999399263,-66.2,10.0,-0.2530490293760721,9.85442838441486e-10,0.04879470842875148,0,1
-65.7155690090953,9.999999999633783,-65.2,10.0,0.8457383265241134,6.007372377325737e-10,0.5450488149356356,0,1
-65.55333696169832,9.99999999977675,-65.3,10.0,0.4155659573374919,3.6621727872443444e-10,0.13159618601309397,0,1
-65.61059129032684,9.999999999863904,-65.7,10.0,-0.1466599865438667,2.2325075121898408e-10,0.01639029073351286,0,1
-65.60645597984143,9.999999999917035,-65.6,10.0,0.010592816205743816,1.360955792506502e-10,8.550396405377373e-05,0,1
-65.76009092275211,9.999999999949424,-66.0,10.0,-0.39354402015857204,8.29647461841887e-11,0.11801847841583689,0,1
-66.04894269795192,9.999999999969168,-66.5,10.0,-0.7399090772478871,5.057643193140393e-11,0.41717674018039647,0,1
-66.6934948001121,9.999999999981204,-67.7,10.0,-1.6510542502902723,3.083222566147015e-11,2.0772370619955827,0,1
-67.08642136523977,9.999999999988542,-67.7,10.0,-1.0065021481300818,1.879563171769405e-11,0.771956427915125,0,1
-67.13075993301572,9.999999999993015,-67.2,10.0,-0.11357558300241521,1.1457501614131615e-11,0.009829542962115247,0,1
-67.11875102234997,9.999999999995742,-67.1,10.0,0.030761458894630778,6.984635092521785e-12,0.0007210696768902379,0,1
-66.87719792250523,9.999999999997405,-66.5,10.0,0.6187510223499686,4.2579273440424e-12,0.29173950022299827,0,1
-66.88610018025281,9.999999999998417,-66.9,10.0,-0.022803603373674264,2.595257342363766e-12,0.0003962509650221408,0,1
-66.96960355086406,9.999999999999035,-67.1,10.0,-0.21389829386828296,1.5827339439056232e-12,0.034864064517204495,0,1
-66.86435231369506,9.999999999999412,-66.7,10.0,0.2696066026218773,9.64561763794336e-13,0.055389114628032025,0,1
-66.68307524398398,9.999999999999641,-66.4,10.0,0.46435078781615857,5.879741138414829e-13,0.1643068800151782,0,1
-66.57256660379917,9.999999999999782,-66.4,10.0,0.2830737181050722,3.588240815588506e-13,0.06106079777747609,0,1
-66.89558743629664,9.999999999999867,-67.4,10.0,-0.8274349220797319,2.184918912462308e-13,0.5217122911367772,0,1
-67.05346652176344,9.999999999999918,-67.3,10.0,-0.40441561546117555,1.3322676295501878e-13,0.1246290281391708,0,1
-66.68124384383363,9.99999999999995,-66.1,10.0,0.953468047642346,8.171241461241152e-14,0.6927486098262039,0,1
-66.76664426226397,9.99999999999997,-66.9,10.0,-0.218757682045279,4.973799150320701e-14,0.03646615734038262,0,1
-66.81870536479056,9.999999999999982,-66.9,10.0,-0.13335726361493982,3.019806626980426e-14,0.01355179198142552,0,1
-67.04563652864618,9.99999999999999,-67.4,10.0,-0.5812961610883463,1.7763568394002505e-14,0.2574887656443324,0,1
-67.1058970154978,9.999999999999993,-67.2,10.0,-0.15436041959600288,1.0658141036401503e-14,0.018156631377972778,0,1
-67.45494427309535,9.999999999999996,-68.0,10.0,-0.8941029845021973,7.105427357601002e-15,0.6091699401818313,0,1
-67.08214529416342,9.999999999999998,-66.5,10.0,0.9549442730953501,3.552713678800501e-15,0.6948953934634551,0,1
-66.58161208790105,9.999999999999998,-65.8,10.0,1.2821422424056124,1.7763568394002505e-15,1.2526674528564725,0,1
-66.31551936530958,9.999999999999998,-65.9,10.0,0.6816105620221435,1.7763568394002505e-15,0.354026685080709,0,1
-66.19234432721088,9.999999999999998,-66.0,10.0,0.3155193653095836,1.7763568394002505e-15,0.0758604500530924,0,1
-65.76590539234778,9.999999999999998,-65.1,10.0,1.0923458530897818,1.7763568394002505e-15,0.9092508258358869,0,1
-65.50594318704134,9.999999999999998,-65.1,10.0,0.6659069182266819,1.7763568394002505e-15,0.337901740938922,0,1
-65.77689358780228,9.999999999999998,-66.2,10.0,-0.6940537612008484,1.7763568394002505e-15,0.3670705983625517,0,1
-66.13726225005433,9.999999999999998,-66.7,10.0,-0.9231033604399101,1.7763568394002505e-15,0.6493278636666832,0,1
-65.96655903455722,9.999999999999998,-65.7,10.0,0.43726530181214684,1.7763568394002505e-15,0.1456979389052724,0,1
-65.86249634063887,9.999999999999998,-65.7,10.0,0.26656208631503375,1.7763568394002505e-15,0.054145221327729094,0,1
-65.72098204554949,9.999999999999998,-65.5,10.0,0.36249634063887015,1.7763568394002505e-15,0.1001314785732261,0,1
-65.79086913881349,9.999999999999998,-65.9,10.0,-0.17901948032941561,1.7763568394002505e-15,0.02442102902445063,0,1
-65.79443491067603,9.999999999999998,-65.8,10.0,-0.00913391294432131,1.7763568394002505e-15,6.357364487837358e-05,0,1
-65.60141454566703,9.999999999999998,-65.3,10.0,0.49443185891821884,1.7763568394002505e-15,0.18628430654105887,0,1
-65.4447058510746,9.999999999999998,-65.2,10.0,0.40141759742483885,1.7763568394002505e-15,0.1227880748043174,0,1
-65.27109793292009,9.999999999999998,-65.0,10.0,0.4447058510746018,1.7763568394002505e-15,0.15069854622973658,0,1
-65.78988502743398,9.999999999999998,-66.6,10.0,-1.3289005412010084,1.7763568394002505e-15,1.345700247170886,0,1
-66.06710553564102,9.999999999999998,-66.5,10.0,-0.7101149725660179,1.7763568394002505e-15,0.38425605085282727,0,1
-66.15802597848811,9.999999999999998,-66.3,10.0,-0.2328975161167932,1.7763568394002505e-15,0.04133263463755669,0,1
-66.25249037765288,9.999999999999998,-66.4,10.0,-0.24197554739079408,1.7763568394002505e-15,0.04461761354779813,0,1
-66.15392111279512,9.999999999999998,-66.0,10.0,0.25249037765287596,1.7763568394002505e-15,0.048579499872989367,0,1
-66.67941443093946,9.999999999999998,-67.5,10.0,-1.3460788872048823,1.7763568394002505e-15,1.380716137071748,0,1
-66.92168490754847,9.999999999999998,-67.3,10.0,-0.6205886208183529,1.7763568394002505e-15,0.29347491918179125,0,1
-66.75706409417313,9.999999999999998,-66.5,10.0,0.42168490754846744,1.7763568394002505e-15,0.13550006098178471,0,1
-66.18824465186869,9.999999999999998,-65.3,10.0,1.4570610424153188,1.7763568394002505e-15,1.617777789717738,0,1
-65.91956205886214,9.999999999999998,-65.5,10.0,0.6882446518686862,1.7763568394002505e-15,0.3609516789236043,0,1
-65.71673175593604,9.999999999999998,-65.4,10.0,0.5195605329832347,1.7763568394002505e-15,0.2057006589254802,0,1
-65.4759663581933,9.999999999999998,-65.1,10.0,0.6167332818149447,1.7763568394002505e-15,0.28983988375109165,0,1
-65.48534880843462,9.999999999999998,-65.5,10.0,-0.024033641806695982,1.7763568394002505e-15,0.00044015186265436955,0,1
-65.4910684607846,9.999999999999998,-65.5,10.0,-0.01465119156537753,1.7763568394002505e-15,0.00016357211502310564,0,1
-65.45551700369563,9.999999999999998,-65.4,10.0,0.0910669349056974,1.7763568394002505e-15,0.006319530505743524,0,1
-65.55095908996614,9.999999999999998,-65.7,10.0,-0.24447994454655486,1.7763568394002505e-15,0.0455459591583325,0,1
-65.41394761006653,9.999999999999998,-65.2,10.0,0.35096214172395435,1.7763568394002505e-15,0.09386072812141037,0,1
-65.52561789722411,9.999999999999998,-65.7,10.0,-0.28604933817565836,1.7763568394002505e-15,0.06235126516927731,0,1
-65.59369342162717,9.999999999999998,-65.7,10.0,-0.1743790510180787,1.7763568394002505e-15,0.023171385113753887,0,1
-64.89345637181995,9.999999999999998,-63.8,10.0,1.7936941845666183,1.7763568394002505e-15,2.4516596296135322,0,1
-64.3494674425845,9.999999999999998,-63.5,10.0,1.3934563718199513,1.7763568394002505e-15,1.4796197756537008,0,1
-63.93976743551216,9.999999999999998,-63.3,10.0,1.0494682055239508,1.7763568394002505e-15,0.8392704789753782,0,1
-63.61193153956972,9.999999999999998,-63.1,10.0,0.8397689613910657,1.7763568394002505e-15,0.5373818733419189,0,1
-63.29496274687133,9.999999999999998,-62.8,10.0,0.8119323025091703,1.7763568394002505e-15,0.5023460777233627,0,1
-63.45308481019275,9.999999999999998,-63.7,10.0,-0.40503801606812573,1.7763568394002505e-15,0.1250129345451197,0,1
-63.666594048445596,9.999999999999998,-64.0,10.0,-0.5469151898072511,1.7763568394002505e-15,0.22793097409655505,0,1
-63.835790023444936,9.999999999999998,-64.1,10.0,-0.43340442567549786,1.7763568394002505e-15,0.14313638977989035,0,1
-63.977972110410334,9.999999999999998,-64.2,10.0,-0.3642069247972515,1.7763568394002505e-15,0.1010787292691836,0,1
-64.18176564024868,9.999999999999998,-64.5,10.0,-0.5220278895896655,1.7763568394002505e-15,0.20765901401987208,0,1
-63.837534438464,9.999999999999998,-63.3,10.0,0.8817664031881378,1.7763568394002505e-15,0.5924756014106612,0,1
-63.74480320014827,9.999999999999998,-63.6,10.0,0.23753596434290358,1.7763568394002505e-15,0.04299541279784335,0,1
-63.49307904173823,9.999999999999998,-63.1,10.0,0.644804726027175,1.7763568394002505e-15,0.316825259636216,0,1
-63.33962502523247,9.999999999999998,-63.1,10.0,0.39308056761713317,1.7763568394002505e-15,0.1177406759087449,0,1
-63.050883544903456,9.999999999999998,-62.6,10.0,0.7396265511113782,1.7763568394002505e-15,0.41685821231295966,0,1
-62.95294127075304,9.999999999999998,-62.8,10.0,0.2508843078429095,1.7763568394002505e-15,0.047963445328783036,0,1
-62.81515656654273,9.999999999999998,-62.6,10.0,0.35294279663194317,1.7763568394002505e-15,0.09492312357160819,0,1
-62.57500699768464,9.999999999999998,-62.2,10.0,0.6151558036032796,1.7763568394002505e-15,0.2883590771136431,0,1
-62.62380308911394,9.999999999999998,-62.7,10.0,-0.1249937652548141,1.7763568394002505e-15,0.011905292693885657,0,1
-62.53643359896877,9.999999999999998,-62.4,10.0,0.22380156323503542,1.7763568394002505e-15,0.03816713904113541,0,1
-62.91259855493337,9.999999999999998,-63.5,10.0,-0.9635664010312297,1.7763568394002505e-15,0.7075003704792455,0,1
-63.37614547586751,9.999999999999998,-64.1,10.0,-1.187399919187726,1.7763568394002505e-15,1.0743787395376223,0,1
-63.61969092260316,9.999999999999998,-64.0,10.0,-0.62385452413249,1.7763568394002505e-15,0.2965719231283391,0,1
-63.7291208753545,9.999999999999998,-63.9,10.0,-0.2803106032757441,1.7763568394002505e-15,0.059874572795807525,0,1
-63.522558625390644,9.999999999999998,-63.2,10.0,0.5291201124150504,1.7763568394002505e-15,0.21333981555066422,0,1
-63.31855790255658,9.999999999999998,-63.0,10.0,0.5225586253906442,1.7763568394002505e-15,0.20808147458411339,0,1
-63.07708049224355,9.999999999999998,-62.7,10.0,0.6185571396171241,1.7763568394002505e-15,0.2915566984574279,0,1
-62.77371713729055,9.999999999999998,-62.3,10.0,0.7770812551830062,1.7763568394002505e-15,0.4601466256417295,0,1
-63.36956115301226,9.999999999999998,-64.3,10.0,-1.526285914467266,1.7763568394002505e-15,1.775150455356892,0,1
-63.38144471548048,9.999999999999998,-63.4,10.0,-0.030440372866642917,1.7763568394002505e-15,0.0007060952846797174,0,1
-63.154455259900075,9.999999999999998,-62.8,10.0,0.5814454784199299,1.7763568394002505e-15,0.2576210647234419,0,1
-63.01607981002955,9.999999999999998,-62.8,10.0,0.3544560228395284,1.7763568394002505e-15,0.09573882563434968,0,1
-62.97076421724918,9.999999999999998,-62.9,10.0,0.11607828415064603,1.7763568394002505e-15,0.010267514745179791,0,1
-63.02121574658158,9.999999999999998,-63.1,10.0,-0.1292342568719107,1.7763568394002505e-15,0.01272678405988896,0,1
-62.973895144758906,9.999999999999998,-62.9,10.0,0.12121422070267585,1.7763568394002505e-15,0.01119619678430003,0,1
-63.45255082476373,9.999999999999998,-64.2,10.0,-1.2261018034832816,1.7763568394002505e-15,1.1455563000044047,0,1
-63.58819058614574,9.999999999999998,-63.8,10.0,-0.34744841229681356,1.7763568394002505e-15,0.09199072433884692,0,1
-63.67087818479906,9.999999999999998,-63.8,10.0,-0.21180865091480428,1.7763568394002505e-15,0.03418619485525772,0,1
-63.721285520387,9.999999999999998,-63.8,10.0,-0.12912105226148896,1.7763568394002505e-15,0.012704497405376523,0,1
-63.67393648832355,9.999999999999998,-63.6,10.0,0.12128704626590547,1.7763568394002505e-15,0.011209654186728013,0,1
-63.68411167365862,9.999999999999998,-63.7,10.0,-0.026064274615904992,1.7763568394002505e-15,0.0005176719830153274,0,1
-64.04166307602779,9.999999999999998,-64.6,10.0,-0.9158868004624736,1.7763568394002505e-15,0.6392150266807787,0,1
-64.10347475190761,9.999999999999998,-64.2,10.0,-0.1583338722143992,1.7763568394002505e-15,0.019103416375364085,0,1
-63.7507691647144,9.999999999999998,-63.2,10.0,0.9034739889681589,1.7763568394002505e-15,0.6220061561865375,0,1
-63.340561576363825,9.999999999999998,-62.7,10.0,1.0507684017749455,1.7763568394002505e-15,0.8413513277019793,0,1
-63.16857212985234,9.999999999999998,-62.9,10.0,0.440560050484919,1.7763568394002505e-15,0.14790184855662855,0,1
-63.06372533433422,9.999999999999998,-62.9,10.0,0.268570603973437,1.7763568394002505e-15,0.05496425265209417,0,1
-62.84365361396392,9.999999999999998,-62.5,10.0,0.5637253343342223,1.7763568394002505e-15,0.24215781053371932,0,1
-62.5923791339665,9.999999999999998,-62.2,10.0,0.6436528510244699,1.7763568394002505e-15,0.3156943214898716,0,1
-62.673431572962045,9.999999999999998,-62.8,10.0,-0.20762010309404388,1.7763568394002505e-15,0.032847489335629386,0,1
-62.95707591138197,9.999999999999998,-63.4,10.0,-0.7265699529168614,1.7763568394002505e-15,0.4022705535883878,0,1
-63.481338824744775,9.999999999999998,-64.3,10.0,-1.342927140375842,1.7763568394002505e-15,1.3742580116382734,0,1
-63.2934298258212,9.999999999999998,-63.0,10.0,0.48133882474477474,1.7763568394002505e-15,0.17654895938230034,0,1
-63.13984005871783,9.999999999999998,-62.9,10.0,0.39342829994229334,1.7763568394002505e-15,0.11794908279433883,0,1
-63.20236431257739,9.999999999999998,-63.3,10.0,-0.16015917834271676,1.7763568394002505e-15,0.01954641160347046,0,1
-63.59182832467045,9.999999999999998,-64.2,10.0,-0.9976326356648002,1.7763568394002505e-15,0.7584110835781313,0,1
-63.36078552839818,9.999999999999998,-63.0,10.0,0.5918283246704519,1.7763568394002505e-15,0.2669038685465493,0,1
-63.29801705270846,9.999999999999998,-63.2,10.0,0.16078476545872888,1.7763568394002505e-15,0.01969940770205582,0,1
-63.298790874096085,9.999999999999998,-63.3,10.0,-0.0019821843520873017,1.7763568394002505e-15,2.9939976997440565e-06,0,1
-63.6115728694618,9.999999999999998,-64.1,10.0,-0.801207600025009,1.7763568394002505e-15,0.4891628831247948,0,1
-63.5680161374265,9.999999999999998,-63.5,10.0,0.11157286946180278,1.7763568394002505e-15,0.009485944527977975,0,1
-63.58050166438291,9.999999999999998,-63.6,10.0,-0.031982336694596825,1.7763568394002505e-15,0.0007794419168964141,0,1
-63.74426886587078,9.999999999999998,-64.0,10.0,-0.41949833561709227,1.7763568394002505e-15,0.1340984814158484,0,1
-63.33659891750604,9.999999999999998,-62.7,10.0,1.0442681029313263,1.7763568394002505e-15,0.8309739339985425,0,1
-63.32231083401915,9.999999999999998,-63.3,10.0,0.03659968044549089,1.7763568394002505e-15,0.0010207466486417164,0,1
-63.07936832353571,9.999999999999998,-62.7,10.0,0.6223100710796956,1.7763568394002505e-15,0.2951053169999828,0,1
-63.009345641684334,9.999999999999998,-62.9,10.0,0.17936679765680452,1.7763568394002505e-15,0.024515879868293605,0,1
-63.16185309038542,9.999999999999998,-63.4,10.0,-0.3906558841945724,1.7763568394002505e-15,0.11629260954657616,0,1
-63.68424985805044,9.999999999999998,-64.5,10.0,-1.3381469096145793,1.7763568394002505e-15,1.364491914334317,0,1
-63.22193268382366,9.999999999999998,-62.5,10.0,1.1842498580504426,1.7763568394002505e-15,1.0686858479251817,0,1
-63.2133707206369,9.999999999999998,-63.2,10.0,0.02193192088420659,1.7763568394002505e-15,0.00036653606805702875,0,1
-63.012957145273404,9.999999999999998,-62.7,10.0,0.5133699576974493,1.7763568394002505e-15,0.20082800594990755,0,1
-62.89078266549339,9.999999999999998,-62.7,10.0,0.31295638233395096,1.7763568394002505e-15,0.0746330175475855,0,1
-63.28476980303707,9.999999999999998,-63.9,10.0,-1.0092188603855163,1.7763568394002505e-15,0.7761293227493182,0,1
-63.915337213072505,9.999999999999998,-64.9,10.0,-1.615231722841834,1.7763568394002505e-15,1.9880762929939488,0,1
-63.98742679097432,9.999999999999998,-64.1,10.0,-0.18466126104858915,1.7763568394002505e-15,0.02598453621030748,0,1
-63.95329699881924,9.999999999999998,-63.9,10.0,0.08742526509541193,1.7763568394002505e-15,0.005824213562742937,0,1
-64.04960574880454,9.999999999999998,-64.2,10.0,-0.24669994942294693,1.7763568394002505e-15,0.046376876618654854,0,1
-63.71792998494103,9.999999999999998,-63.2,10.0,0.8496049858650849,1.7763568394002505e-15,0.5500440616722059,0,1
-63.55477475121301,9.999999999999998,-63.3,10.0,0.417930747880483,1.7763568394002505e-15,0.13309815146421858,0,1
-63.49435310987102,9.999999999999998,-63.4,10.0,0.15477322533410387,1.7763568394002505e-15,0.0182538737123011,0,1
-63.96502224163455,9.999999999999998,-64.7,10.0,-1.2056438383711665,1.7763568394002505e-15,1.1076471579751874,0,1
-64.05675359514507,9.999999999999998,-64.2,10.0,-0.23497470660763753,1.7763568394002505e-15,0.04207320608436133,0,1
-64.19075353807713,9.999999999999998,-64.4,10.0,-0.3432479307338383,1.7763568394002505e-15,0.08977992352897525,0,1
-64.23340325942365,9.999999999999998,-64.3,10.0,-0.10924951368068037,1.7763568394002505e-15,0.009094993654677228,0,1
-64.25940303268662,9.999999999999998,-64.3,10.0,-0.06659979233415925,1.7763568394002505e-15,0.003379941048629921,0,1
-64.04101898573279,9.999999999999998,-63.7,10.0,0.5594022697471672,1.7763568394002505e-15,0.23845795981967022,0,1
-64.10308210686559,9.999999999999998,-64.2,10.0,-0.15897796250939678,1.7763568394002505e-15,0.019259155023717646,0,1
-64.14091651765422,9.999999999999998,-64.2,10.0,-0.09691484137660211,1.7763568394002505e-15,0.007157213198617287,0,1
-64.12494259616078,9.999999999999998,-64.1,10.0,0.040918043533125115,1.7763568394002505e-15,0.0012758308393939477,0,1
-63.95905031742405,9.999999999999998,-63.7,10.0,0.4249418332213253,1.7763568394002505e-15,0.13760124072231686,0,1
-64.40446301826388,9.999999999999998,-65.1,10.0,-1.1409481566970427,1.7763568394002505e-15,0.9919623703471563,0,1
-64.4417595289032,9.999999999999998,-64.5,10.0,-0.09553698173611735,1.7763568394002505e-15,0.006955148529346405,0,1
-64.30834004480232,9.999999999999998,-64.1,10.0,0.3417610547821113,1.7763568394002505e-15,0.08900379368872438,0,1
-64.22700595337174,9.999999999999998,-64.1,10.0,0.2083415706812275,1.7763568394002505e-15,0.03307617214418171,0,1
-64.13838550711874,9.999999999999998,-64.0,10.0,0.22700595337174434,1.7763568394002505e-15,0.039267917470403764,0,1
-63.92820556067942,9.999999999999998,-63.6,10.0,0.5383870329976475,1.7763568394002505e-15,0.22087804942617548,0,1
-63.839117099727595,9.999999999999998,-63.7,10.0,0.22820479773996993,1.7763568394002505e-15,0.039683769373828746,0,1
-64.05807976305691,9.999999999999998,-64.4,10.0,-0.5608844261513113,1.7763568394002505e-15,0.2397232396613275,0,1
-64.2696384349509,9.999999999999998,-64.6,10.0,-0.5419187110641843,1.7763568394002505e-15,0.22378535826777246,0,1
